shot_id_number,is_goal
1,0.00612
8,0.99998
17,0.00000
20,0.99999
33,0.01658
34,0.02269
35,0.96726
36,0.99999
37,0.00013
38,0.72441
45,0.00128
50,0.00000
55,0.00075
60,0.01494
66,0.99990
67,0.12495
71,0.00026
80,0.00056
85,1.00000
86,0.51315
95,0.00014
104,0.00000
113,0.00213
123,0.36572
126,0.99855
133,0.34641
141,0.07565
144,1.00000
150,0.68957
152,0.81249
153,1.00000
156,1.00000
159,0.95463
165,0.71742
172,0.99346
182,0.00003
192,0.99708
193,0.00000
196,0.90823
202,0.00357
210,0.04055
211,0.00000
228,1.00000
257,0.05319
260,0.91653
264,0.98900
267,0.99050
279,0.00128
282,0.00071
293,0.96364
299,0.14226
300,0.99889
301,1.00000
317,0.00010
327,0.08916
328,0.93267
335,0.11167
346,0.98460
348,0.99982
365,0.95218
390,0.98437
391,0.00000
392,0.00000
397,0.00000
418,0.95389
428,0.00047
434,0.98379
439,0.21126
440,0.00009
456,0.74969
459,0.99995
472,0.00000
480,0.00001
491,0.00000
497,0.00000
509,0.99569
511,0.00046
523,0.00000
533,1.00000
544,0.00000
546,0.99999
555,0.77838
558,0.99990
560,0.00000
573,0.99531
591,0.99808
596,0.00270
597,0.00002
601,0.00151
605,0.82584
617,0.04231
628,0.00007
634,0.00149
646,0.99989
649,0.03813
651,0.99052
654,1.00000
656,0.99965
657,0.00026
669,0.38701
670,0.00091
693,0.99932
694,0.00002
699,0.86056
711,0.98255
718,0.99423
722,0.00000
723,1.00000
725,0.99996
734,0.98444
735,0.00000
737,0.95861
746,0.99345
747,0.01983
766,0.44125
767,0.00000
771,0.00000
773,0.99977
774,0.93685
783,0.00000
784,0.99992
789,1.00000
792,0.00002
804,0.94037
809,1.00000
812,0.96830
813,0.00035
817,0.48947
820,0.99898
825,0.92137
826,0.00000
829,0.98820
855,0.19248
859,0.00004
862,0.99352
870,0.00315
876,0.93358
880,0.35282
886,0.00000
889,0.97384
891,0.89806
897,0.96876
902,0.99528
903,0.01196
908,0.99842
909,0.99384
920,0.00012
922,0.99164
924,0.00000
932,0.00010
934,0.99921
937,0.01464
941,0.93869
943,0.00000
950,0.11636
952,0.39259
954,0.26468
963,0.01316
975,0.09946
979,0.00166
981,0.00670
983,0.27660
985,0.01177
989,0.99998
995,0.00000
998,0.00000
1008,0.03436
1019,0.00621
1023,0.18454
1026,1.00000
1029,0.39538
1034,1.00000
1036,1.00000
1038,0.00000
1039,1.00000
1051,0.00054
1052,0.00001
1066,0.00000
1087,0.23736
1092,0.00001
1094,0.99999
1098,0.96958
1099,0.00000
1102,0.02743
1118,0.00478
1131,0.93803
1133,0.44566
1135,0.03353
1138,0.33318
1139,1.00000
1142,0.00000
1151,0.15425
1152,0.98637
1155,0.00008
1165,0.88571
1167,0.93858
1172,0.80073
1174,0.00085
1180,0.99938
1200,0.00224
1202,0.03166
1227,0.99970
1228,1.00000
1229,0.96107
1237,0.98917
1241,0.00019
1256,0.00000
1279,0.00001
1293,0.76077
1295,0.00366
1319,0.88660
1320,1.00000
1321,0.00000
1322,1.00000
1334,0.67682
1351,0.00002
1373,0.99998
1375,0.03063
1380,0.99849
1382,0.00847
1385,0.40979
1399,0.99381
1403,0.00474
1428,0.01159
1434,0.20299
1444,0.98109
1448,1.00000
1466,0.16385
1476,0.00000
1478,0.99377
1485,0.36705
1491,0.99910
1494,0.00682
1500,0.00026
1501,0.00002
1503,0.00917
1519,1.00000
1524,0.00613
1529,0.97166
1533,0.02656
1538,0.87127
1539,0.00098
1546,0.00258
1555,0.00000
1559,0.99999
1563,0.98715
1565,0.00330
1574,0.99999
1591,0.99992
1594,0.00000
1605,0.00030
1611,0.99998
1614,0.14946
1620,0.00000
1626,0.99554
1630,0.00855
1632,0.95195
1634,0.00000
1643,1.00000
1651,0.95719
1655,0.00042
1658,0.99994
1659,0.00002
1665,0.00091
1675,0.00000
1680,0.26224
1690,0.00000
1696,1.00000
1714,0.76234
1721,1.00000
1726,0.00000
1728,0.92971
1734,0.00019
1735,0.18926
1740,0.90551
1744,0.00000
1747,0.99547
1752,1.00000
1763,0.00309
1765,0.00001
1769,0.99999
1785,0.00000
1787,0.96658
1788,0.99600
1793,0.00006
1800,0.38111
1825,0.99954
1826,0.00076
1834,0.99908
1843,1.00000
1844,0.00733
1848,0.94324
1849,0.01362
1860,0.00000
1863,0.00003
1875,0.01114
1883,0.99440
1890,0.00557
1892,0.99911
1893,0.00000
1897,0.95595
1905,1.00000
1908,0.00241
1931,0.99042
1940,0.99172
1943,1.00000
1947,0.00070
1965,0.97083
1967,0.99767
1968,0.00001
1972,1.00000
1982,0.96852
1985,0.99871
2005,0.97412
2010,1.00000
2021,0.00008
2024,0.22427
2036,0.88822
2043,0.00000
2047,0.00000
2049,0.00000
2055,0.14657
2065,0.95975
2066,0.06392
2070,0.09023
2077,0.00814
2085,0.69404
2095,0.94624
2097,0.90788
2108,0.99996
2112,0.00000
2113,0.97229
2122,0.96800
2139,0.00135
2144,0.00001
2146,0.99584
2148,0.00007
2149,0.00621
2157,1.00000
2159,0.95284
2168,0.00000
2176,0.99994
2178,0.99956
2181,0.95631
2187,0.00544
2188,0.00257
2190,0.98226
2194,0.85387
2197,0.04171
2214,0.97487
2217,0.00000
2222,0.00000
2223,0.99476
2226,0.94423
2230,0.00002
2240,0.48886
2247,1.00000
2250,0.00000
2259,0.99428
2262,0.99895
2266,0.75130
2305,0.99601
2310,0.00000
2313,0.98661
2319,0.02666
2320,0.98362
2345,0.99999
2350,0.00125
2356,0.00492
2360,0.18113
2370,0.81193
2386,0.00019
2398,0.41146
2414,0.00000
2435,0.85470
2439,0.01759
2446,0.00017
2458,0.01700
2465,0.00983
2466,0.96898
2470,0.60478
2495,0.05124
2501,1.00000
2507,0.00000
2533,0.00002
2537,0.74115
2538,0.79262
2541,0.93976
2542,1.00000
2544,0.07281
2554,0.01765
2555,0.05463
2565,0.00573
2575,0.00640
2586,0.99525
2588,0.02426
2594,0.00000
2617,0.93930
2618,0.00590
2623,0.99435
2631,0.01074
2640,0.21874
2642,0.00024
2647,0.98001
2663,0.99657
2664,0.00000
2676,1.00000
2680,0.98175
2681,0.03578
2691,0.00787
2693,0.70701
2695,0.10784
2704,0.00005
2708,0.00010
2709,0.31127
2717,1.00000
2722,0.71218
2728,0.63094
2732,0.00000
2743,1.00000
2752,0.91090
2757,0.08640
2761,0.01777
2769,0.00000
2771,0.00729
2774,0.99266
2776,0.00015
2781,0.93310
2793,0.33305
2799,0.99963
2803,0.71311
2811,0.99998
2818,0.01208
2824,0.00000
2828,0.00190
2829,0.00255
2830,0.99697
2842,0.00081
2847,0.99937
2848,0.99980
2868,0.99999
2870,0.00000
2885,0.00114
2886,0.00224
2889,1.00000
2903,0.00032
2904,0.00003
2918,0.99224
2919,0.00000
2922,0.00000
2923,0.00000
2931,0.00038
2945,0.99933
2955,0.99209
2957,0.00283
2960,1.00000
2963,0.75426
2966,0.00000
2972,0.00001
2974,0.00014
2982,0.02901
2984,0.61300
3016,1.00000
3021,0.88020
3023,0.96764
3025,1.00000
3029,0.00000
3034,0.85129
3038,0.00007
3040,0.99403
3051,0.00000
3062,0.00494
3069,0.93720
3071,0.99872
3076,0.00311
3079,0.00008
3081,0.00000
3082,0.99402
3084,0.99962
3098,0.07106
3104,0.00865
3105,0.00056
3114,0.96614
3118,0.47551
3122,0.00478
3132,0.58116
3138,0.00484
3141,0.99540
3156,0.01317
3162,0.97332
3167,0.00001
3170,0.00009
3171,0.12372
3172,0.99985
3176,0.00000
3180,0.00000
3189,1.00000
3198,0.00000
3206,0.00014
3215,0.96775
3222,1.00000
3228,0.99944
3229,0.10747
3232,0.99489
3233,0.44680
3238,0.99777
3256,0.04825
3264,1.00000
3273,1.00000
3275,0.00000
3285,1.00000
3289,0.99885
3294,0.94950
3306,1.00000
3311,0.00000
3318,1.00000
3322,0.00002
3324,0.17667
3334,0.42919
3341,0.64534
3345,0.99589
3346,0.00000
3352,0.00110
3368,1.00000
3371,0.09448
3372,0.00000
3375,1.00000
3384,0.00000
3387,1.00000
3393,0.99665
3406,1.00000
3411,0.00000
3412,0.97998
3414,0.00000
3417,0.38841
3420,0.99819
3423,0.14012
3436,0.99975
3438,0.51752
3442,0.96951
3443,0.06763
3451,0.00151
3461,0.00021
3489,0.94150
3491,0.98897
3510,0.96962
3515,0.00013
3527,0.00008
3530,1.00000
3540,0.00105
3582,0.11575
3604,1.00000
3605,0.00016
3609,0.41755
3624,1.00000
3628,0.95588
3630,0.99623
3641,0.41532
3642,0.01076
3648,0.99990
3650,0.00745
3652,1.00000
3660,0.00003
3664,0.01084
3670,0.01216
3672,0.08540
3680,0.47313
3682,0.86951
3685,0.00000
3686,0.98625
3689,0.99992
3705,0.99848
3712,0.00000
3713,1.00000
3719,0.00006
3721,0.04169
3723,0.00000
3724,0.12337
3727,0.00000
3733,1.00000
3734,0.28174
3742,0.25075
3770,0.98824
3777,0.00000
3778,0.07352
3780,0.00005
3783,0.00230
3784,0.99817
3788,0.99847
3790,0.04911
3794,0.77587
3795,0.00000
3796,0.98511
3801,0.08748
3806,0.00000
3813,0.99860
3814,0.00019
3818,0.00001
3824,0.44507
3836,0.00239
3853,0.00000
3855,1.00000
3858,0.03125
3861,0.33848
3866,1.00000
3870,0.00210
3874,0.00043
3876,0.18828
3878,0.95861
3890,0.00000
3900,0.08359
3904,1.00000
3906,0.04016
3907,0.94982
3908,0.04912
3912,0.99891
3918,0.01072
3923,0.92127
3924,0.01807
3925,0.42817
3927,0.99999
3955,0.68089
3964,0.00086
3969,0.00435
3974,0.98388
3976,0.58362
3984,0.00000
3991,0.45271
3993,0.99881
4009,0.00003
4011,0.99597
4020,0.00000
4033,0.00000
4041,0.00000
4045,0.00000
4052,0.99427
4055,0.99906
4056,1.00000
4057,0.99940
4067,0.99524
4069,1.00000
4077,0.98869
4094,0.25722
4095,0.00000
4100,0.98982
4119,0.99854
4130,0.89379
4131,0.99562
4132,0.00001
4134,0.99995
4137,0.03569
4138,0.99973
4143,0.14659
4145,0.00000
4148,0.99999
4163,0.99990
4166,0.01856
4169,0.97573
4170,0.00000
4174,0.97406
4180,0.81124
4199,0.00493
4201,0.00000
4203,0.96710
4210,0.00000
4211,0.96657
4213,0.99998
4225,1.00000
4235,0.01432
4242,0.99997
4245,0.99998
4250,1.00000
4252,0.80495
4254,0.00502
4263,0.00006
4264,0.00000
4268,0.99801
4270,1.00000
4282,0.00000
4283,0.00000
4291,0.97969
4304,0.92273
4306,0.00000
4309,0.27267
4310,0.07023
4313,0.00245
4314,0.16335
4315,0.00202
4321,1.00000
4324,0.00000
4325,0.00573
4328,0.97273
4329,1.00000
4332,0.00000
4337,0.00000
4342,0.12449
4344,0.36738
4352,0.00000
4355,0.00000
4366,0.74124
4371,0.98457
4372,0.00000
4376,1.00000
4384,0.00000
4387,1.00000
4389,0.99797
4390,1.00000
4406,0.93341
4407,0.00002
4409,0.00000
4410,0.00103
4424,0.00000
4434,1.00000
4452,0.17001
4460,1.00000
4470,0.00000
4480,0.99994
4496,0.99996
4503,0.00000
4512,0.98491
4518,0.02856
4519,0.98912
4522,0.00006
4525,0.00000
4537,1.00000
4546,1.00000
4547,0.99997
4553,0.00000
4556,0.05055
4558,0.00000
4563,0.28923
4568,0.00000
4574,0.12214
4578,0.00001
4587,0.00245
4592,0.62406
4610,0.00000
4615,0.00000
4619,0.00384
4620,0.98404
4625,0.98648
4635,0.00260
4636,0.29855
4641,0.00000
4650,0.04660
4653,1.00000
4665,0.97224
4668,0.00001
4669,0.01882
4670,0.00000
4674,0.00000
4675,0.00000
4676,0.00000
4679,0.99675
4680,0.00407
4686,0.00007
4699,1.00000
4713,0.99764
4718,1.00000
4721,0.00000
4722,0.10371
4724,1.00000
4730,0.00131
4731,0.99999
4735,0.00000
4743,0.00007
4745,0.00000
4746,0.01480
4747,0.99993
4748,0.39625
4769,0.67498
4771,0.01816
4774,0.31219
4784,0.00000
4797,0.01150
4801,0.46198
4804,0.99999
4820,0.77204
4833,0.00000
4834,0.00000
4851,0.99594
4859,1.00000
4860,0.34180
4863,0.00017
4873,0.99986
4881,0.90615
4892,0.98531
4908,0.61044
4911,0.38159
4915,1.00000
4922,0.75245
4929,0.99829
4936,0.01913
4939,0.99750
4951,0.00000
4956,0.00042
4961,0.02675
4964,0.95914
4981,1.00000
4991,0.00000
4992,0.00505
4997,0.95013
5004,0.99979
5010,1.00000
5012,0.99976
5015,0.00000
5020,1.00000
5030,0.00094
5051,0.61136
5052,0.02001
5057,0.99913
5058,0.47789
5060,0.00761
5061,0.51650
5064,0.00116
5078,0.98883
5080,0.00452
5088,0.00012
5089,1.00000
5090,0.00000
5103,0.99962
5108,0.00000
5114,0.00009
5115,0.89566
5124,0.45778
5137,0.00000
5139,0.00000
5144,0.99470
5149,0.42001
5157,0.00000
5163,0.00160
5174,0.85470
5176,0.00000
5179,1.00000
5186,0.93456
5203,0.00000
5204,0.00000
5206,0.48716
5207,1.00000
5220,0.00274
5221,0.04992
5224,0.30687
5227,0.51548
5229,0.00175
5232,0.36847
5240,0.00371
5242,0.18498
5243,0.08290
5245,0.00000
5248,0.00000
5249,0.05227
5254,0.42511
5269,0.00233
5272,1.00000
5276,0.12132
5286,0.00312
5290,0.02812
5308,0.99987
5316,0.99997
5318,0.93418
5319,0.15321
5320,0.92870
5322,0.90619
5324,0.24046
5331,0.00000
5336,0.94645
5344,0.00000
5354,0.00002
5356,0.94496
5358,0.92273
5361,0.01546
5365,0.00048
5370,1.00000
5376,0.00642
5383,0.00000
5384,0.00014
5385,0.98931
5393,0.01481
5397,0.00017
5398,0.02643
5402,0.00000
5407,0.13509
5409,0.60373
5425,1.00000
5428,0.17956
5430,0.06893
5442,0.99987
5447,1.00000
5470,0.96866
5485,0.01317
5493,0.00122
5502,0.00917
5504,0.49548
5517,0.00058
5522,0.00005
5527,0.00000
5528,0.00008
5536,0.94862
5545,0.00000
5576,1.00000
5577,0.99646
5592,0.93854
5594,0.00047
5595,0.79332
5596,0.62621
5599,0.00101
5606,0.02218
5617,0.00295
5625,0.00000
5626,1.00000
5627,0.99352
5642,0.00000
5659,0.00000
5664,0.99739
5666,0.99278
5671,1.00000
5674,0.00087
5677,0.99965
5681,0.00001
5683,0.90351
5700,0.42325
5713,0.00000
5715,0.00106
5718,0.00091
5726,0.91601
5738,0.99918
5741,0.96810
5743,0.99941
5753,0.00000
5761,0.99981
5789,0.00000
5797,0.98772
5803,1.00000
5810,1.00000
5813,1.00000
5817,0.91202
5818,1.00000
5822,0.00000
5829,0.00006
5846,0.42797
5847,0.99946
5854,0.02418
5858,0.00000
5863,1.00000
5869,0.00023
5870,0.18033
5876,0.11405
5881,0.99490
5901,0.99930
5922,0.00253
5928,0.02653
5933,0.00036
5934,0.00000
5946,1.00000
5951,0.00000
5955,0.75284
5956,0.00166
5965,0.00000
5972,0.15909
5981,0.99975
5997,0.57715
6005,0.99897
6009,0.00460
6010,0.00000
6015,0.99979
6039,0.00006
6047,0.99290
6051,0.00048
6056,0.00002
6061,0.00020
6064,0.20091
6065,0.00058
6070,0.00874
6085,0.00000
6086,0.00032
6091,0.85395
6097,0.98993
6099,0.06584
6104,0.00654
6108,1.00000
6109,0.97325
6124,0.00113
6142,0.15956
6144,0.09350
6150,1.00000
6154,0.99790
6155,0.00000
6156,0.09576
6158,1.00000
6159,0.03189
6169,0.94763
6170,0.99991
6179,0.00000
6184,0.89821
6186,0.07400
6204,0.96674
6230,0.15986
6231,0.00781
6232,0.99999
6235,0.01631
6237,0.00000
6239,0.04324
6263,0.00127
6265,0.11719
6270,0.00223
6271,0.99856
6278,0.00392
6279,0.96667
6288,0.98625
6294,1.00000
6295,0.95247
6302,1.00000
6306,0.99698
6322,0.00003
6324,0.00000
6327,1.00000
6331,0.99041
6334,0.00000
6338,1.00000
6339,0.09071
6362,0.44504
6372,0.91606
6375,1.00000
6393,0.00000
6394,0.99874
6405,0.41067
6406,1.00000
6416,0.85470
6421,0.00046
6422,0.00035
6440,0.00006
6457,0.00093
6460,0.03671
6463,0.00000
6474,0.99998
6476,0.00000
6477,0.06171
6482,0.00000
6488,0.99870
6489,0.74092
6494,0.58817
6499,0.00001
6507,0.97788
6524,0.00076
6527,0.01718
6531,1.00000
6536,1.00000
6538,0.00000
6542,0.99586
6565,0.98478
6584,0.99321
6588,0.00002
6597,0.00001
6603,0.00023
6609,1.00000
6613,0.96528
6622,0.04785
6630,0.00486
6637,0.00027
6639,0.00000
6640,0.00001
6646,0.91130
6647,0.00000
6648,0.00027
6669,0.00008
6680,0.00000
6681,0.99984
6684,0.99816
6693,0.00454
6694,0.98600
6704,0.30358
6706,0.79030
6710,0.00000
6713,0.00014
6718,1.00000
6732,0.05132
6737,0.99656
6739,0.00000
6742,1.00000
6746,0.99454
6753,0.00000
6771,0.00343
6784,0.00000
6790,0.99997
6795,0.01649
6807,0.99898
6808,0.99743
6818,0.00051
6823,0.99895
6830,0.00001
6831,0.00000
6832,0.96443
6836,0.00006
6846,0.99928
6850,0.00462
6854,0.00002
6868,0.00125
6876,0.87607
6877,0.86942
6881,0.91001
6882,0.00000
6884,0.99504
6886,0.45793
6901,1.00000
6910,0.01303
6913,0.00651
6914,0.00007
6918,1.00000
6930,0.82701
6941,0.02249
6944,0.00027
6945,0.01996
6947,0.00363
6949,0.02109
6952,0.00542
6963,0.00083
6964,0.00036
6972,0.00000
6979,0.00000
6981,0.00226
6988,0.99975
6990,1.00000
6998,0.00838
7004,0.68131
7016,0.01640
7027,0.00011
7042,0.99978
7056,0.00000
7061,0.06387
7069,0.00001
7071,0.99903
7088,0.99003
7099,0.00144
7108,0.00073
7121,0.99932
7125,0.00024
7136,0.87496
7149,0.84960
7150,0.00000
7151,1.00000
7167,1.00000
7177,0.99527
7178,1.00000
7183,0.00377
7186,1.00000
7190,1.00000
7201,1.00000
7202,0.13274
7207,0.00066
7213,0.20258
7224,0.03366
7225,0.95827
7233,0.00001
7239,0.00000
7246,0.99997
7248,0.95836
7261,0.84305
7264,0.00002
7266,0.99981
7274,0.00000
7279,0.94223
7293,0.00000
7315,0.94849
7322,0.99996
7326,0.97676
7341,1.00000
7363,0.00000
7365,0.00000
7371,0.97310
7377,0.01556
7393,0.60536
7405,0.07706
7410,0.97792
7434,0.00104
7438,0.99874
7447,0.01303
7450,0.00982
7452,0.00001
7453,0.00000
7455,0.98969
7456,0.00059
7457,0.01162
7466,0.00023
7470,0.99933
7474,0.00000
7487,0.99152
7488,0.00306
7492,0.01500
7496,0.00000
7501,0.13470
7505,0.00000
7512,0.00000
7526,0.99453
7536,0.00005
7538,0.00004
7539,1.00000
7544,0.00000
7554,0.99704
7564,0.00012
7566,1.00000
7580,0.45158
7581,0.01231
7584,0.00003
7587,0.99999
7589,0.00000
7590,1.00000
7594,0.18827
7597,0.00086
7602,1.00000
7603,1.00000
7605,0.00549
7609,0.99936
7613,0.00006
7619,0.00000
7625,0.00000
7626,1.00000
7636,0.80630
7639,0.00000
7641,0.09913
7643,0.00887
7644,0.00000
7657,0.00000
7661,0.99997
7666,1.00000
7673,0.99997
7683,0.00265
7685,0.66899
7699,0.99999
7704,0.00214
7705,0.00711
7708,1.00000
7728,1.00000
7733,0.99457
7741,1.00000
7743,0.98970
7745,0.46860
7754,0.99965
7756,0.73429
7757,0.00076
7770,0.99963
7773,0.00000
7774,1.00000
7776,0.00001
7777,1.00000
7778,0.99921
7781,0.00000
7784,0.00000
7789,0.00000
7794,0.95986
7799,0.00000
7801,0.00126
7818,0.99997
7823,0.99311
7828,0.99991
7832,0.00157
7839,0.00000
7851,0.01495
7856,1.00000
7868,1.00000
7869,0.00000
7872,1.00000
7874,0.98852
7878,0.99989
7888,0.00000
7913,0.00014
7923,0.00000
7925,0.87716
7926,0.95135
7938,0.58517
7942,0.99954
7945,0.89716
7954,0.99026
7963,0.83528
7969,0.00002
7970,0.00000
7977,1.00000
7981,0.19246
7990,1.00000
8020,0.00000
8023,0.00051
8025,0.99498
8034,0.00001
8039,0.00878
8046,0.00004
8051,1.00000
8055,0.00038
8060,1.00000
8063,0.99889
8073,0.74276
8074,0.01097
8076,1.00000
8080,0.00001
8088,0.45566
8102,0.00000
8103,0.89593
8104,1.00000
8105,0.00040
8109,1.00000
8115,0.00037
8121,0.00004
8126,0.99833
8135,0.00000
8153,0.05790
8156,0.00000
8160,0.78008
8161,0.98625
8162,0.91844
8171,1.00000
8181,0.13269
8183,0.00016
8185,0.74510
8191,0.00816
8203,0.75217
8204,0.00361
8207,0.00012
8208,0.00000
8209,0.00000
8210,1.00000
8225,0.85971
8226,0.81142
8231,0.00000
8233,0.00009
8244,0.00744
8250,0.92607
8261,1.00000
8265,0.13835
8278,0.99960
8279,0.00001
8280,0.00045
8296,0.00032
8299,0.00000
8300,0.01951
8301,0.00000
8305,0.13880
8327,0.00000
8334,1.00000
8349,0.00748
8355,0.00536
8361,0.99873
8362,1.00000
8364,0.99847
8365,0.14480
8375,0.99996
8378,0.00084
8380,0.00007
8381,0.00000
8387,0.97060
8399,0.00000
8402,0.18193
8409,0.99729
8433,0.00039
8436,1.00000
8442,0.99406
8448,0.01273
8464,0.83210
8469,0.01555
8474,0.00003
8478,0.00694
8482,0.00006
8490,0.37747
8510,0.97929
8511,0.07649
8527,0.99996
8532,0.99379
8533,0.00625
8538,0.33486
8541,1.00000
8545,0.97755
8553,0.00036
8554,0.00000
8555,0.00000
8569,0.88467
8586,0.97344
8593,0.35302
8600,0.00069
8606,0.00523
8607,0.00238
8611,0.99068
8613,0.99939
8618,0.00000
8630,0.00188
8637,0.99522
8650,0.70585
8652,0.62329
8661,0.00000
8669,0.85022
8673,0.30115
8674,0.00000
8678,0.00079
8682,0.51568
8688,0.92732
8689,0.56554
8695,0.99920
8698,0.00241
8703,0.99997
8709,0.97862
8716,0.47200
8723,0.99944
8737,1.00000
8753,0.00000
8773,0.17779
8774,0.59185
8778,0.99864
8786,0.12305
8794,0.99898
8795,0.98145
8800,0.00014
8804,0.00000
8808,0.00000
8809,0.00002
8817,1.00000
8818,0.99996
8825,0.94426
8830,0.00005
8833,0.00000
8834,0.00001
8836,0.00000
8837,0.00001
8844,0.00049
8851,0.42340
8861,0.00000
8864,0.05629
8865,0.00000
8869,0.00036
8873,0.95183
8880,0.00046
8884,0.00000
8888,0.96211
8889,0.99625
8891,0.00612
8893,0.01118
8897,0.00205
8905,0.00000
8910,0.98117
8918,0.99999
8939,0.00002
8940,0.00005
8941,0.00014
8944,0.90443
8949,0.37129
8950,0.14052
8958,0.01176
8967,0.54980
8975,0.00925
8979,0.32544
8980,0.98607
8991,0.56389
8995,0.99965
8996,0.09568
8998,0.99772
9000,0.35030
9001,0.99803
9002,0.00000
9024,0.05414
9026,0.18789
9027,0.00001
9034,0.00065
9038,0.16103
9050,0.84867
9052,0.00273
9054,0.54657
9078,0.92888
9097,0.84784
9109,0.99221
9112,0.00000
9115,1.00000
9125,0.15384
9132,0.00284
9136,1.00000
9139,0.99988
9140,0.00831
9142,0.00737
9143,0.60616
9147,0.82449
9159,0.75777
9165,0.99997
9172,0.00245
9177,0.00041
9179,1.00000
9185,0.00111
9196,0.00039
9201,0.98655
9209,1.00000
9210,0.49465
9212,0.00116
9214,0.05829
9240,0.00012
9241,0.00000
9244,0.00218
9249,0.80450
9250,0.66009
9255,1.00000
9258,0.00029
9263,0.98557
9266,0.99491
9269,0.01228
9272,0.00003
9276,0.06889
9290,1.00000
9299,0.99999
9303,0.53977
9310,0.00010
9311,0.99405
9314,0.05855
9315,0.99070
9325,0.98032
9328,0.99981
9329,0.00549
9332,0.99277
9337,0.99909
9353,0.00052
9355,0.99774
9356,0.00142
9362,0.99990
9364,1.00000
9366,0.23424
9387,0.02569
9388,0.00000
9396,1.00000
9400,0.00173
9406,1.00000
9411,0.99718
9416,0.82812
9417,0.77016
9423,1.00000
9425,0.00000
9426,0.00001
9427,0.02711
9429,0.98210
9430,0.99002
9434,0.09789
9442,0.00000
9458,0.99999
9476,0.97526
9481,0.99826
9483,0.80878
9484,1.00000
9487,0.93503
9488,0.37159
9490,1.00000
9502,0.01219
9505,0.00799
9509,0.00018
9515,0.84238
9516,1.00000
9532,0.99912
9539,0.71410
9542,0.98433
9549,0.03214
9550,0.92300
9553,0.00000
9554,0.24224
9561,0.87684
9566,0.00000
9571,0.00753
9577,0.00009
9584,0.99986
9592,0.00000
9596,0.99901
9602,0.18607
9603,0.01669
9604,0.83835
9608,0.02347
9609,0.02123
9613,1.00000
9623,0.00157
9630,0.99748
9633,0.66270
9648,1.00000
9665,0.13344
9668,0.99981
9678,0.99984
9679,0.47436
9693,0.99447
9718,1.00000
9720,0.99074
9744,0.99998
9745,0.00025
9746,0.01133
9753,0.00000
9758,0.00027
9759,0.99678
9763,0.00011
9766,0.00018
9767,0.00599
9777,0.86976
9781,0.21799
9789,0.00060
9790,0.94677
9799,0.00119
9802,0.99098
9805,0.00000
9807,0.91602
9812,0.99994
9818,0.27110
9820,0.00000
9822,0.00000
9824,0.00000
9834,0.00041
9836,0.92467
9847,0.48957
9864,0.05109
9869,1.00000
9875,0.00068
9880,0.89983
9889,0.93182
9894,0.99923
9909,0.00000
9915,0.00061
9919,0.99999
9920,0.01121
9940,1.00000
9946,1.00000
9958,0.00119
9959,1.00000
9973,0.03863
9976,0.99976
9978,1.00000
9982,0.00000
9987,0.00047
9988,0.96898
9992,0.04197
10000,0.00005
10002,0.00023
10005,0.00000
10008,0.00001
10009,0.11861
10011,0.01579
10021,0.99995
10022,0.06335
10053,0.88255
10074,0.91945
10076,0.35628
10090,0.29415
10092,0.00000
10099,0.00010
10102,0.00189
10103,0.00000
10106,0.10141
10108,1.00000
10113,0.05385
10119,0.39854
10122,0.00000
10125,0.99962
10140,0.99676
10155,0.26607
10159,1.00000
10164,1.00000
10175,0.17214
10176,0.00001
10178,0.00000
10186,0.89684
10200,0.97603
10204,0.98174
10206,0.93481
10211,0.00278
10212,0.00000
10217,0.00140
10220,0.68430
10230,0.96100
10234,0.00000
10235,0.76084
10239,0.76260
10240,0.00390
10242,1.00000
10245,0.00306
10246,0.04529
10247,0.00000
10250,0.00009
10254,0.00000
10257,0.00001
10260,0.00000
10261,0.00000
10265,0.00000
10273,0.00000
10274,0.42741
10277,0.88202
10289,0.11226
10290,0.87743
10298,0.07896
10301,0.72479
10304,0.01933
10305,0.07941
10313,0.06114
10320,0.33212
10323,1.00000
10328,0.98926
10332,0.00163
10336,0.00122
10343,0.99859
10348,0.85568
10350,0.50808
10351,0.00953
10354,0.98653
10372,0.99618
10373,1.00000
10380,0.00000
10383,1.00000
10396,0.07515
10397,1.00000
10399,1.00000
10400,0.97318
10401,0.96544
10402,0.99681
10403,1.00000
10410,0.00132
10412,0.00009
10415,0.00010
10424,0.00020
10428,0.79413
10432,1.00000
10462,0.00000
10477,0.00002
10482,0.45414
10484,0.24703
10493,0.07057
10495,0.67476
10497,0.00000
10516,0.00345
10521,0.72818
10522,0.01628
10523,0.48861
10528,0.05025
10530,0.90519
10532,0.00013
10533,0.99993
10543,0.99997
10547,0.00456
10552,0.09082
10558,0.99975
10571,0.99894
10572,0.00005
10574,0.00018
10583,0.08048
10600,0.95933
10607,0.01531
10608,1.00000
10614,1.00000
10630,0.98617
10634,0.90937
10635,0.52155
10641,0.00003
10643,0.99999
10644,0.82864
10648,0.98873
10669,1.00000
10675,0.98538
10686,0.02382
10704,0.99481
10707,0.99984
10722,1.00000
10736,0.00505
10764,0.00009
10767,0.98666
10776,1.00000
10779,0.03954
10781,0.00000
10792,0.91191
10797,1.00000
10798,0.00046
10801,0.00147
10802,0.99998
10805,0.37996
10808,0.99953
10810,0.00197
10816,1.00000
10817,0.00000
10829,0.00848
10843,0.00000
10858,0.00029
10866,0.99999
10876,0.30862
10887,0.98840
10891,0.99156
10896,0.00408
10900,0.99862
10905,0.99956
10907,0.00057
10917,0.02938
10936,0.00255
10947,0.97984
10948,0.51737
10951,0.98974
10955,1.00000
10969,0.90658
10984,0.92928
10987,0.00006
10990,0.00077
10992,1.00000
10996,0.00087
10997,0.41882
10999,0.73295
11000,0.00854
11001,0.99498
11010,0.99070
11016,0.00014
11018,1.00000
11034,0.00397
11039,0.02014
11041,0.00059
11047,0.00361
11053,1.00000
11055,0.00038
11056,0.05597
11065,0.00024
11068,0.09012
11070,0.98810
11071,0.00974
11072,0.00461
11079,0.99925
11091,0.99558
11094,0.89078
11112,1.00000
11113,0.98439
11128,0.98172
11153,0.00024
11154,0.00098
11163,1.00000
11179,0.05902
11181,0.00009
11206,0.01213
11216,1.00000
11221,0.46764
11223,0.99999
11228,0.90854
11235,0.06311
11237,1.00000
11244,0.00000
11256,0.00000
11267,0.00000
11272,0.00055
11281,0.07817
11285,0.99999
11288,0.00001
11291,0.97927
11293,0.01697
11297,0.49503
11298,1.00000
11299,0.00336
11301,0.18806
11309,0.80950
11331,0.00001
11332,0.88889
11337,1.00000
11343,0.63472
11347,0.00006
11348,0.00022
11355,0.00007
11368,0.00293
11369,0.99991
11371,0.01342
11378,0.90991
11384,0.00024
11387,0.00001
11393,1.00000
11399,0.99999
11412,0.24907
11431,0.00021
11432,0.54785
11444,0.00218
11450,0.02622
11451,0.00000
11476,0.00000
11488,0.99776
11495,1.00000
11505,0.97653
11508,0.00012
11518,0.00010
11522,0.00001
11524,0.00541
11533,0.95690
11549,0.19595
11551,0.29746
11560,0.00000
11563,1.00000
11565,0.99943
11567,0.00000
11569,0.98758
11598,0.08415
11604,0.14628
11611,0.00160
11617,0.00082
11626,1.00000
11642,0.00000
11643,0.00000
11648,0.00007
11651,0.00226
11663,0.00040
11666,1.00000
11685,0.00000
11686,0.96965
11698,0.00000
11708,0.68141
11711,0.00182
11718,0.99896
11742,0.03181
11761,0.13951
11767,1.00000
11768,0.00000
11775,0.50100
11779,1.00000
11786,0.01384
11790,0.00694
11791,0.99952
11796,0.95529
11806,0.00057
11810,0.00090
11811,1.00000
11814,0.99995
11816,0.11335
11820,0.00000
11822,0.99996
11829,0.00005
11832,1.00000
11834,0.92409
11836,0.00042
11837,0.00215
11844,0.93818
11847,1.00000
11864,1.00000
11865,1.00000
11872,0.82084
11873,0.99971
11886,0.00036
11894,0.99999
11905,0.00186
11906,1.00000
11907,1.00000
11912,0.30167
11914,0.99901
11918,0.17246
11924,0.05854
11929,0.99046
11930,1.00000
11936,0.00000
11937,0.00001
11954,0.00043
11957,0.93815
11964,0.99869
11968,0.99897
11972,1.00000
11976,0.96466
11979,0.94810
11981,0.02237
11983,0.00177
11989,0.87051
11991,0.99931
11998,0.00000
12003,0.90302
12007,0.01613
12011,1.00000
12014,0.00000
12024,0.00000
12033,0.00405
12034,0.99864
12041,0.04268
12046,0.01762
12056,0.53405
12064,0.77543
12069,0.00289
12070,0.00048
12071,1.00000
12072,0.95441
12078,0.00000
12091,0.00017
12092,0.10657
12094,0.99753
12098,0.09246
12103,1.00000
12115,0.99507
12118,0.00000
12122,0.99999
12125,1.00000
12133,0.83290
12137,0.11220
12141,0.89861
12143,0.02383
12144,0.00037
12154,0.00000
12163,0.14782
12170,0.00006
12193,0.06894
12196,0.00295
12206,0.99998
12209,0.83443
12214,0.05605
12228,0.99983
12233,1.00000
12238,0.00000
12242,1.00000
12245,1.00000
12247,1.00000
12251,0.00973
12287,0.00004
12292,1.00000
12304,0.99992
12317,0.00029
12320,0.81422
12323,0.94512
12328,0.55624
12333,0.00359
12334,0.00000
12335,0.00136
12352,0.87533
12358,0.97105
12364,0.00000
12376,0.99380
12396,0.00000
12402,0.59490
12406,1.00000
12408,0.00015
12410,0.00415
12413,0.91364
12417,0.99062
12424,0.98236
12425,0.99563
12426,0.99780
12430,0.00000
12432,0.00000
12433,1.00000
12451,0.99745
12457,0.99835
12465,1.00000
12468,0.00000
12474,0.01704
12475,0.00028
12486,0.00011
12487,0.99407
12514,0.99987
12524,0.00010
12526,0.86579
12530,1.00000
12532,0.00000
12593,0.76884
12599,0.20394
12600,1.00000
12603,0.61088
12624,0.99745
12630,1.00000
12638,0.35388
12641,0.99463
12643,0.37369
12656,0.00028
12666,0.92424
12673,0.00043
12675,0.99945
12678,0.98892
12692,1.00000
12693,0.99251
12707,0.00000
12711,0.00010
12716,0.00002
12717,1.00000
12723,0.99965
12738,0.00487
12742,0.00000
12746,1.00000
12753,0.92465
12758,0.00000
12760,0.04162
12763,0.00000
12764,0.00008
12768,1.00000
12776,0.00000
12777,0.92943
12783,0.66477
12804,0.00007
12824,0.05006
12839,0.99146
12847,0.99793
12850,0.51114
12867,0.47695
12883,0.71287
12887,0.94479
12890,0.11035
12903,0.97024
12906,1.00000
12907,1.00000
12909,0.00000
12912,0.42386
12915,0.00000
12930,0.00501
12931,0.00000
12934,0.01859
12951,0.00029
12955,0.03153
12973,0.00727
12988,0.18146
12999,0.52047
13015,0.00000
13026,0.00000
13036,0.06957
13039,0.99366
13040,0.00023
13041,0.00861
13043,0.71037
13057,0.98879
13064,0.99899
13068,0.94493
13069,0.99984
13073,0.98883
13079,0.99998
13086,0.01596
13089,0.93874
13093,0.90980
13097,0.98667
13098,0.94819
13105,0.27477
13107,0.99870
13108,0.00501
13110,0.00154
13112,0.99999
13114,0.96888
13118,0.00000
13127,1.00000
13129,0.04032
13142,0.02002
13146,0.00055
13149,0.99952
13157,0.09792
13158,1.00000
13159,0.57967
13161,0.00000
13162,0.01197
13166,0.00000
13168,0.23494
13170,0.99735
13186,0.00311
13191,0.94931
13203,0.00489
13209,0.99998
13212,0.44812
13213,1.00000
13222,1.00000
13229,0.00023
13234,0.31097
13257,0.00000
13258,0.00000
13268,0.99994
13270,0.81539
13291,0.72428
13292,0.07277
13299,0.99846
13307,0.00000
13309,0.00486
13311,0.00000
13312,0.00202
13322,1.00000
13324,0.96783
13330,0.97153
13338,0.99007
13344,0.88877
13348,0.98145
13355,0.94105
13365,0.02940
13368,0.00026
13370,0.00000
13372,0.00015
13377,0.06821
13385,0.99970
13389,1.00000
13393,0.99575
13395,0.19335
13404,0.45999
13411,0.10615
13416,0.13280
13434,0.45214
13435,0.00000
13445,0.79981
13446,0.00276
13451,0.21123
13462,0.00447
13464,1.00000
13466,0.99701
13471,0.99504
13472,0.62736
13477,0.96693
13481,1.00000
13484,0.99956
13490,0.51705
13492,0.97499
13500,1.00000
13508,0.00000
13516,0.00000
13525,0.00000
13526,0.00000
13530,0.00021
13532,0.99908
13538,0.99864
13546,0.19354
13548,0.00086
13550,0.00000
13551,0.05386
13564,0.91282
13566,0.00402
13570,0.08173
13580,0.00000
13585,0.99992
13588,0.01171
13592,0.00314
13594,0.99545
13609,0.15163
13610,0.68597
13613,0.99992
13625,0.99965
13626,0.61530
13639,1.00000
13645,0.99983
13647,0.96859
13648,0.99999
13652,0.02320
13654,0.01133
13664,0.02712
13673,0.01572
13684,0.00001
13690,1.00000
13693,0.97453
13696,0.00000
13700,0.00729
13701,0.52102
13707,0.04015
13713,0.00181
13714,0.80812
13716,0.00214
13720,0.79011
13727,0.01056
13733,0.99988
13738,0.99251
13757,0.99783
13759,0.99988
13761,0.74738
13767,0.27356
13782,0.00063
13786,0.14133
13787,0.38495
13792,0.99989
13795,1.00000
13798,0.64888
13807,0.99934
13809,0.00012
13811,0.00000
13815,0.99969
13817,0.14362
13818,0.99976
13822,0.96966
13824,0.99991
13829,0.99836
13832,0.02496
13840,0.67253
13841,0.99999
13868,0.00232
13871,0.00234
13880,0.00010
13888,0.01869
13890,0.03686
13891,0.04687
13895,0.02740
13907,0.00007
13910,0.95878
13912,0.00000
13913,0.77114
13923,0.89261
13929,0.99903
13936,0.87686
13946,0.00001
13950,0.00000
13951,0.99937
13954,0.25768
13958,0.29826
13969,0.19557
13980,0.00000
13981,0.59917
13986,0.99990
13987,0.93023
13989,0.00218
13992,0.02091
13994,0.00282
14001,1.00000
14002,0.04472
14004,0.99486
14006,0.96494
14012,0.00000
14021,1.00000
14024,0.99496
14045,0.02329
14047,0.05656
14057,0.00002
14059,0.00727
14060,0.93413
14068,0.95702
14070,0.83159
14074,0.96711
14076,0.42251
14089,0.32728
14115,0.00184
14116,0.00000
14128,0.95555
14131,0.99743
14134,0.00143
14137,0.99498
14138,0.98164
14139,0.72157
14152,0.02389
14153,0.99529
14155,0.00009
14156,0.00688
14164,0.00093
14165,0.00237
14171,0.54638
14174,0.97688
14181,0.00135
14186,0.14943
14192,1.00000
14201,0.04491
14210,0.00202
14214,0.00235
14231,1.00000
14236,0.74649
14241,0.99564
14245,0.98153
14249,0.99975
14251,0.97927
14262,0.00891
14265,0.01524
14267,0.00000
14270,1.00000
14276,0.00507
14279,0.98142
14281,1.00000
14289,0.00000
14290,0.02041
14293,0.91779
14295,0.07038
14297,0.00005
14298,0.95201
14310,0.99532
14312,0.00020
14315,0.00000
14318,0.00037
14319,0.00110
14325,0.04690
14331,0.00002
14334,0.24065
14341,0.97337
14343,0.00000
14344,1.00000
14346,0.65848
14347,0.00105
14349,0.99982
14352,0.98662
14358,1.00000
14361,0.00783
14363,1.00000
14374,1.00000
14376,0.00004
14381,0.00000
14398,0.89723
14410,0.99404
14412,0.00010
14415,0.99902
14423,0.66619
14425,0.83624
14436,1.00000
14444,0.51274
14455,0.74969
14465,0.00645
14469,0.93635
14471,0.99878
14475,0.99998
14479,0.28727
14480,0.00042
14488,0.00000
14491,0.99984
14501,0.98916
14520,1.00000
14522,0.27006
14523,0.99999
14537,0.98094
14538,0.00001
14550,0.01443
14561,1.00000
14575,0.98062
14586,0.00000
14592,0.00003
14601,0.01326
14602,0.00777
14604,0.99995
14606,0.00111
14627,0.00584
14641,0.99903
14652,0.99999
14662,1.00000
14665,0.13893
14673,0.00024
14675,0.00000
14679,0.99991
14683,1.00000
14686,0.00032
14705,0.00592
14708,0.00011
14709,1.00000
14710,0.00000
14715,0.00000
14717,0.00000
14723,0.17818
14725,0.99998
14727,0.05847
14728,0.00000
14735,0.99998
14746,0.00000
14752,0.99998
14757,0.97251
14762,0.01666
14763,0.00097
14797,0.99936
14812,0.99670
14818,0.15276
14825,0.97224
14827,0.84428
14829,0.21710
14830,1.00000
14837,0.00186
14849,0.00678
14863,0.94160
14869,0.11272
14882,0.97507
14884,0.97926
14886,0.99812
14888,0.79536
14890,0.00010
14904,0.62027
14938,0.00001
14952,0.99998
14958,0.07699
14963,0.00000
14979,0.00000
14980,1.00000
14986,0.98030
14988,0.99996
15003,0.96887
15006,0.31596
15009,0.95200
15015,0.00000
15024,0.00000
15030,0.00000
15036,1.00000
15038,0.00000
15039,0.94060
15047,0.95765
15049,0.98947
15056,0.52370
15068,0.19325
15070,0.76061
15073,1.00000
15081,0.23578
15084,0.86699
15088,0.00000
15092,0.00019
15095,0.00001
15097,0.86790
15098,0.00001
15115,0.00000
15120,0.00032
15126,0.99302
15133,0.00018
15143,0.00743
15156,0.00000
15164,0.00001
15178,0.10738
15198,0.97592
15200,0.00213
15208,0.04952
15214,0.00027
15218,0.43655
15231,0.85472
15238,0.26944
15239,0.19913
15240,0.50167
15249,0.00000
15256,1.00000
15260,0.00010
15290,0.05892
15307,0.90336
15308,0.00198
15321,0.00113
15323,0.95215
15325,1.00000
15342,0.00000
15346,0.04461
15349,0.99107
15354,0.00013
15362,1.00000
15379,0.00080
15383,0.79837
15394,0.71994
15401,1.00000
15405,0.99944
15407,0.00000
15412,0.00029
15413,0.03282
15415,0.94275
15427,1.00000
15430,0.00075
15436,1.00000
15439,0.00000
15443,0.96720
15444,0.22509
15445,0.99019
15450,1.00000
15456,0.99182
15465,0.00545
15466,0.00475
15470,0.99994
15474,0.00149
15476,0.00003
15482,0.97205
15492,0.00016
15510,0.62209
15519,0.00000
15523,0.00069
15535,0.77273
15561,0.01204
15564,0.54116
15566,0.97770
15579,0.00328
15580,0.80253
15581,0.00000
15587,0.96981
15589,0.11306
15591,0.00019
15597,0.00013
15620,0.04639
15627,0.00000
15636,1.00000
15653,0.00009
15662,0.52914
15664,0.99386
15666,1.00000
15667,0.99999
15674,0.00253
15692,0.97809
15715,0.40136
15736,0.00001
15744,0.00498
15746,1.00000
15758,0.99366
15760,0.00022
15766,0.00550
15767,1.00000
15789,0.30702
15810,0.99454
15818,0.99825
15820,1.00000
15830,0.99934
15844,0.00042
15850,0.42731
15857,1.00000
15863,0.00107
15869,1.00000
15872,0.28332
15873,0.03192
15884,0.00000
15885,0.00214
15891,0.14995
15898,0.84093
15900,0.00001
15932,0.83770
15940,0.00201
15944,0.00103
15945,0.99995
15963,0.01556
15970,0.00000
15977,0.88449
15982,0.99575
15985,0.99893
15995,0.00010
16004,0.00409
16005,0.86488
16011,1.00000
16019,0.00000
16021,0.00000
16051,0.99999
16065,0.00000
16066,1.00000
16076,0.37585
16091,0.10306
16094,0.46557
16101,1.00000
16104,0.00000
16113,1.00000
16114,0.23442
16115,0.99946
16127,0.00011
16128,0.01411
16138,0.99745
16139,0.00000
16142,0.97516
16144,0.98266
16148,0.00028
16151,0.45049
16156,0.97588
16165,0.77933
16166,0.00496
16179,0.00001
16193,1.00000
16196,0.93266
16198,0.00396
16210,0.99990
16232,0.25269
16237,0.02421
16240,0.00228
16252,0.84318
16259,1.00000
16262,0.99907
16263,0.99962
16270,0.97057
16272,0.02583
16290,0.00088
16295,0.99988
16297,0.00000
16299,0.18710
16300,0.11795
16302,0.00000
16303,0.00030
16305,0.00000
16309,0.00046
16312,0.00001
16320,0.00000
16326,0.17781
16327,0.00142
16338,0.00000
16342,0.00000
16346,0.00092
16348,0.99947
16355,0.81356
16356,0.00116
16378,1.00000
16382,0.00000
16391,0.02090
16392,0.03257
16395,1.00000
16399,0.03914
16403,0.00000
16408,0.82661
16413,0.00082
16415,1.00000
16417,1.00000
16420,0.03957
16431,0.98664
16439,0.94376
16444,0.00783
16446,1.00000
16451,0.00001
16454,0.61185
16461,0.00012
16462,1.00000
16469,0.00633
16484,0.99999
16486,0.00556
16487,0.00001
16491,0.99928
16494,0.63228
16507,0.00287
16508,1.00000
16519,0.95230
16523,0.00010
16526,0.00000
16530,0.02005
16532,0.55645
16542,1.00000
16550,0.00483
16555,0.93977
16558,0.11554
16567,0.98984
16576,0.85324
16579,1.00000
16595,0.00000
16598,0.00176
16600,0.00001
16604,0.00360
16605,0.92443
16607,1.00000
16610,0.00051
16612,0.00000
16617,0.99744
16625,0.00137
16632,0.87217
16634,0.73607
16650,0.00000
16654,0.00000
16655,0.99917
16656,0.10631
16657,1.00000
16660,1.00000
16662,0.14677
16669,0.01158
16675,0.01445
16676,0.00063
16678,0.00000
16679,0.02180
16693,0.00001
16701,0.00468
16715,1.00000
16722,0.03104
16724,0.18079
16727,0.00929
16735,0.00203
16741,0.99933
16752,1.00000
16758,0.00367
16765,0.00000
16771,0.00015
16785,0.00929
16793,0.35664
16800,0.00007
16805,0.00154
16809,1.00000
16820,0.00055
16827,0.99895
16830,0.00000
16843,1.00000
16847,0.99764
16855,0.08445
16860,0.89007
16862,0.17735
16863,0.00000
16872,0.02600
16874,0.01355
16876,0.00007
16893,0.61435
16895,0.96816
16914,0.96016
16917,0.99615
16926,0.00005
16930,0.00132
16931,0.00001
16932,0.83285
16934,0.96469
16937,0.00346
16941,0.04912
16942,0.00000
16957,0.99307
16962,0.95138
16967,0.00000
16968,0.77572
16972,0.99190
16974,0.00030
16984,0.99923
16987,0.41029
16994,0.99999
16995,0.03314
16999,0.05877
17034,0.99989
17038,1.00000
17040,0.00012
17050,0.17818
17068,0.22128
17077,0.00122
17079,1.00000
17082,0.00111
17085,0.00002
17087,0.02855
17099,1.00000
17105,0.94443
17108,0.84521
17110,0.00000
17111,0.02285
17123,1.00000
17124,0.97450
17130,0.94529
17138,0.99471
17143,0.99973
17157,0.01909
17160,0.00099
17166,0.00310
17167,0.00000
17179,1.00000
17180,0.44582
17189,0.98850
17197,0.00483
17219,0.99011
17223,0.99985
17225,0.99582
17229,0.63064
17234,0.00007
17235,0.01135
17239,0.00000
17242,0.00028
17243,0.00000
17246,1.00000
17247,0.99962
17255,0.99953
17258,0.79986
17260,0.12397
17264,0.30133
17270,0.99999
17271,0.92135
17272,0.00741
17285,1.00000
17294,0.00046
17297,0.00251
17298,0.99088
17299,0.00001
17306,0.99595
17324,0.99805
17326,0.00033
17330,0.92727
17345,0.61877
17351,1.00000
17352,0.99983
17372,0.89846
17381,0.86086
17385,0.38809
17388,1.00000
17390,0.00000
17392,0.97544
17399,0.05125
17404,0.51533
17407,0.00769
17408,0.20372
17416,0.00000
17418,0.00012
17434,0.05564
17438,1.00000
17443,0.11668
17444,1.00000
17453,0.04890
17460,0.99960
17467,1.00000
17480,0.00019
17488,0.99952
17490,1.00000
17493,0.00009
17498,0.00041
17503,0.00000
17513,0.95511
17520,1.00000
17525,0.00005
17534,0.84298
17545,0.29064
17553,0.09541
17554,0.99738
17557,0.23693
17563,0.94470
17576,0.99946
17577,0.00509
17580,0.83372
17582,1.00000
17596,0.00071
17597,0.97306
17602,0.96855
17614,1.00000
17623,0.21179
17624,0.00136
17627,0.40552
17628,0.98611
17630,0.00000
17634,0.00296
17640,0.00005
17652,1.00000
17657,0.00000
17661,0.00003
17662,0.99957
17666,0.00700
17682,0.00016
17688,0.86919
17693,0.96516
17705,1.00000
17711,0.00001
17715,0.00128
17717,0.00007
17721,0.99990
17728,0.00000
17737,0.97409
17745,0.99899
17755,0.00864
17764,0.01696
17774,0.00072
17785,1.00000
17786,0.99855
17789,0.99519
17802,1.00000
17810,1.00000
17819,0.00983
17825,1.00000
17828,0.99984
17833,0.00504
17841,0.01118
17842,0.99587
17844,0.00588
17849,0.99999
17855,0.00052
17857,0.00046
17861,1.00000
17863,1.00000
17868,0.00000
17876,0.00682
17882,0.99997
17885,1.00000
17893,0.92577
17894,0.11658
17902,0.01458
17906,0.48429
17911,1.00000
17917,0.00358
17921,0.00516
17941,0.00028
17945,0.00455
17949,0.94928
17954,0.99917
17957,0.00050
17958,1.00000
17960,0.00050
17985,0.96215
18000,0.33319
18002,0.00000
18008,1.00000
18014,0.07778
18015,0.99998
18019,0.96443
18021,1.00000
18026,0.00003
18029,0.00000
18034,0.99961
18035,1.00000
18036,0.01772
18039,0.57422
18066,0.00140
18076,0.98941
18089,0.00000
18104,1.00000
18110,0.16376
18129,0.99730
18131,0.00014
18133,0.99732
18136,1.00000
18148,0.00055
18152,1.00000
18167,0.14236
18177,0.97738
18178,0.00208
18183,0.01532
18194,0.00019
18197,1.00000
18213,0.00505
18214,1.00000
18221,0.00946
18227,1.00000
18239,0.02900
18245,0.00522
18266,0.98848
18267,0.01822
18274,0.08021
18283,0.08042
18297,0.00370
18302,1.00000
18303,1.00000
18315,0.00046
18324,0.13028
18326,1.00000
18334,0.00082
18336,0.00076
18344,0.00000
18346,0.73097
18347,0.00383
18350,0.13770
18352,0.99990
18364,0.92355
18366,0.00001
18373,0.97842
18391,0.02215
18393,1.00000
18395,0.90432
18400,0.00079
18408,0.99625
18421,0.51196
18425,0.17026
18443,0.22884
18451,0.00628
18456,0.95357
18458,0.86099
18460,1.00000
18467,0.99996
18468,0.00003
18475,0.99978
18485,0.99991
18494,0.00551
18495,0.18891
18508,0.00047
18530,1.00000
18533,0.00157
18547,0.99548
18548,1.00000
18553,0.82138
18561,0.16034
18565,1.00000
18572,0.00004
18593,0.84989
18600,0.99449
18621,0.00000
18629,1.00000
18637,0.00109
18649,0.99999
18653,0.00006
18660,0.00000
18671,0.00000
18672,0.00033
18677,0.99438
18681,0.34989
18684,1.00000
18686,1.00000
18689,0.85178
18690,0.00101
18709,0.12146
18716,0.00432
18723,0.04331
18773,0.75752
18782,0.77077
18797,0.98894
18810,0.99778
18817,0.92422
18820,0.00115
18825,0.00063
18837,0.93912
18850,0.00356
18857,0.00087
18861,0.41399
18867,0.99982
18870,0.61567
18877,0.99999
18887,0.00400
18898,0.00000
18900,0.00309
18914,0.94915
18921,0.00000
18922,0.94070
18945,0.97868
18947,0.00003
18953,0.00128
18954,0.99609
18957,0.00014
18960,0.14325
18973,0.07564
18983,0.93264
18990,0.00000
18991,0.99953
18993,0.00962
18995,0.00000
18996,0.96488
19003,0.00050
19014,0.00006
19015,0.10759
19019,0.00066
19028,0.01280
19038,0.99991
19040,0.91445
19046,0.00037
19051,0.99947
19054,0.02809
19056,0.92696
19074,0.00099
19085,0.99990
19099,0.39561
19124,1.00000
19134,0.00000
19141,0.32485
19146,0.93665
19150,0.00001
19170,0.00000
19176,1.00000
19187,0.00000
19189,0.99132
19202,0.21109
19208,0.00000
19209,0.00000
19210,0.91617
19216,0.00000
19217,0.99548
19218,0.00135
19223,0.99992
19240,1.00000
19246,0.99999
19269,0.60502
19275,0.00474
19287,0.11754
19298,0.04838
19303,1.00000
19313,0.00029
19325,0.00051
19326,0.00010
19328,0.72426
19330,0.00000
19340,0.99972
19342,0.00000
19343,0.00063
19344,0.82933
19363,1.00000
19364,0.00086
19371,0.99695
19376,0.11785
19377,1.00000
19381,0.93049
19384,0.00221
19390,0.00002
19402,0.00000
19405,0.00000
19409,0.00051
19418,0.00001
19429,0.00395
19446,0.05633
19458,0.21809
19460,0.92742
19462,0.98859
19465,0.00000
19472,0.19400
19480,0.99972
19503,0.99840
19507,1.00000
19517,1.00000
19533,0.00215
19537,0.00600
19541,0.00000
19563,0.96194
19566,0.00010
19568,0.00076
19576,0.99998
19591,0.03993
19597,0.13211
19619,0.76776
19622,0.00139
19623,0.33073
19624,0.00000
19627,0.99949
19629,0.00182
19633,0.99935
19639,1.00000
19641,0.99994
19643,0.00162
19649,0.00203
19652,0.00022
19657,0.99240
19660,1.00000
19668,0.00023
19678,0.00009
19686,0.99904
19690,0.00011
19694,0.18766
19695,0.00514
19702,0.96739
19712,0.99171
19720,0.00001
19735,0.03956
19739,0.99978
19740,0.89931
19743,0.00001
19750,0.00000
19752,0.01442
19754,0.99832
19762,0.99998
19770,0.99161
19775,0.50462
19777,1.00000
19782,0.79055
19783,0.00000
19786,0.00001
19805,0.57980
19808,0.00000
19819,1.00000
19821,0.67417
19827,0.06221
19830,0.94907
19832,0.41017
19833,0.00004
19834,0.00000
19843,0.91499
19844,0.00488
19846,0.88671
19847,0.40240
19850,0.99998
19851,0.95704
19861,0.99946
19873,0.65121
19878,0.78341
19886,0.99994
19892,0.03394
19901,0.02900
19902,0.67252
19920,0.29709
19921,0.00382
19922,0.00061
19929,0.73548
19932,0.99924
19935,0.00339
19936,0.00145
19946,0.00018
19950,0.42306
19952,0.00000
19955,0.99927
19976,0.00136
19983,0.01006
19987,0.00000
19991,0.99835
19996,0.00000
20007,0.43828
20015,0.31939
20019,0.00246
20023,0.02436
20034,0.04375
20036,0.00001
20038,0.00011
20039,0.82709
20040,0.00231
20045,0.47908
20046,0.87965
20048,0.99626
20060,0.00000
20068,0.00002
20074,0.00235
20111,0.99882
20117,0.00000
20125,0.99920
20129,0.14853
20134,0.94948
20135,0.00148
20139,0.00066
20142,0.00300
20147,0.00001
20154,0.00000
20157,0.99995
20169,0.00187
20179,0.99979
20202,0.00000
20207,0.00000
20215,1.00000
20216,0.00418
20217,0.00000
20218,0.00000
20219,0.00061
20226,0.81471
20236,0.00000
20239,0.00022
20246,0.00491
20247,0.81710
20253,0.00000
20255,0.00000
20268,0.99998
20270,0.00000
20271,1.00000
20279,0.99999
20282,0.95029
20295,1.00000
20302,0.00000
20305,0.00018
20306,0.00004
20308,0.84921
20330,0.00567
20335,0.00013
20344,0.00104
20349,1.00000
20360,0.10882
20362,0.00292
20378,0.00010
20394,0.99309
20397,0.00037
20403,0.00005
20405,0.00776
20415,0.81485
20417,0.99951
20420,0.34440
20425,0.47516
20430,0.99892
20435,0.00000
20443,0.98540
20446,0.60517
20458,0.24806
20459,0.00000
20467,0.40663
20470,1.00000
20482,0.99769
20489,0.99605
20495,0.00000
20496,0.00000
20497,0.95317
20505,0.99907
20509,0.92844
20535,0.02524
20539,0.00134
20544,0.00001
20547,0.31824
20556,0.00000
20557,0.98620
20575,0.91806
20577,0.00000
20596,0.00007
20597,1.00000
20602,0.00044
20603,0.99783
20609,0.00002
20618,0.02943
20621,0.97700
20628,0.00004
20634,0.00023
20637,0.02712
20641,0.00000
20642,0.98554
20647,0.94581
20655,0.52741
20656,0.84268
20661,0.00003
20664,0.22596
20674,0.00011
20679,1.00000
20680,0.98197
20683,0.00144
20687,0.00398
20688,0.00128
20695,0.99912
20696,0.98875
20699,0.00192
20701,0.99705
20702,0.04023
20704,0.98578
20721,0.00001
20725,0.00000
20731,0.17032
20741,0.09297
20742,1.00000
20753,0.00020
20756,0.00921
20769,0.99996
20771,0.00009
20774,0.00018
20777,0.01522
20781,0.11690
20797,0.00000
20808,0.32248
20810,0.69274
20820,0.99736
20823,0.06082
20829,1.00000
20832,0.99980
20833,0.02058
20837,0.98976
20838,1.00000
20839,1.00000
20847,0.00000
20861,0.00001
20869,0.91401
20875,0.90274
20877,0.00197
20889,0.00620
20894,0.00001
20901,0.98390
20919,0.00123
20923,0.99780
20935,0.29350
20937,0.00050
20939,0.03366
20940,0.00464
20943,0.00043
20946,1.00000
20950,0.97751
20961,0.00104
20965,0.12112
20967,1.00000
20969,1.00000
20970,0.92370
20975,0.99590
20987,0.00003
20995,0.99905
20998,0.96679
21002,0.99862
21012,0.06544
21013,0.00000
21015,0.00000
21017,0.00428
21020,0.99999
21028,0.00120
21031,0.99849
21036,1.00000
21040,0.55158
21048,0.99428
21049,0.80959
21051,0.00000
21070,0.99997
21072,0.99947
21079,0.00000
21090,0.02479
21093,0.00005
21104,0.00003
21114,0.99237
21117,0.57722
21120,0.00000
21121,0.00324
21132,0.01437
21136,0.88972
21139,0.00000
21140,0.98463
21146,0.00000
21150,0.00001
21178,0.20641
21180,0.00025
21198,0.00000
21203,0.99991
21210,0.99820
21218,0.00087
21220,0.30622
21222,0.99993
21228,0.97189
21236,1.00000
21239,0.00023
21260,1.00000
21267,0.83989
21271,1.00000
21279,1.00000
21286,0.99865
21288,0.90679
21294,0.00017
21298,1.00000
21299,0.01923
21300,0.00009
21304,0.00039
21307,0.00002
21309,0.00011
21311,0.00071
21331,0.00013
21332,0.00000
21342,0.99878
21345,0.81925
21348,0.04439
21353,0.00000
21357,0.00001
21369,0.00000
21370,1.00000
21371,0.14505
21373,0.99999
21385,0.00001
21392,0.98971
21401,0.99999
21403,0.04502
21406,0.91974
21413,0.97557
21414,0.00008
21416,0.07015
21423,0.25069
21442,0.49628
21443,0.99279
21448,0.04502
21459,0.01692
21467,0.00999
21474,0.00483
21484,0.00012
21488,0.00005
21495,0.99497
21498,1.00000
21502,1.00000
21503,0.00000
21510,0.99910
21516,0.57344
21533,0.99637
21535,1.00000
21539,0.00051
21541,0.02987
21544,0.95382
21554,0.00000
21569,1.00000
21572,0.00000
21578,0.98430
21580,0.01560
21584,0.00000
21589,0.99991
21595,0.99343
21598,0.00002
21599,1.00000
21606,0.96875
21623,0.00002
21639,0.00049
21641,0.00000
21645,0.00000
21647,1.00000
21648,0.00000
21657,0.00000
21671,0.05401
21673,0.00026
21678,0.00014
21696,0.92424
21699,0.99990
21700,0.00003
21703,0.00000
21710,0.44215
21721,0.00000
21727,0.00353
21728,0.01356
21731,0.97928
21741,0.95688
21744,0.00000
21748,0.00611
21753,1.00000
21756,0.92616
21763,0.87481
21767,0.99953
21772,0.59863
21774,0.00516
21775,0.75230
21780,1.00000
21787,0.00020
21805,0.99999
21828,0.57229
21831,0.99990
21837,0.99265
21842,0.00000
21849,0.03528
21856,0.00001
21858,0.99508
21862,0.00000
21864,0.00047
21867,0.00254
21879,0.01009
21881,0.99999
21883,1.00000
21891,0.01948
21892,0.99150
21902,0.92573
21909,0.00000
21914,0.99534
21918,0.05049
21919,0.96514
21926,0.00008
21930,0.01773
21934,0.84458
21940,0.00031
21945,0.00095
21948,0.00385
21953,0.32224
21954,0.00822
21956,0.09759
21963,0.02434
21970,0.00048
21984,0.00538
21997,0.00000
21999,0.00098
22001,0.00005
22002,0.00348
22010,0.99988
22013,0.99978
22022,0.03732
22024,0.00000
22028,0.99965
22029,0.00000
22045,0.00159
22049,0.02123
22064,0.00000
22069,1.00000
22074,0.23671
22082,0.00010
22084,0.01361
22090,0.99369
22096,0.00010
22100,0.00000
22105,0.00112
22119,0.99998
22130,0.00019
22152,0.97567
22155,0.74737
22164,0.03137
22173,0.96635
22194,0.58576
22209,0.12053
22217,0.00001
22220,0.99924
22222,0.00574
22244,0.03120
22245,0.00003
22250,0.99636
22256,0.00000
22261,0.00000
22264,1.00000
22270,0.00353
22279,0.00016
22280,0.97008
22284,0.94909
22288,0.05424
22293,0.00000
22297,0.00038
22307,0.99873
22310,0.00000
22319,1.00000
22324,0.99922
22326,0.00027
22327,0.00759
22329,0.06413
22331,0.00000
22340,0.00014
22342,0.00000
22347,0.00013
22351,0.98414
22357,0.82099
22361,0.00001
22371,0.00263
22373,0.00005
22391,0.98361
22404,0.00000
22409,1.00000
22411,0.00022
22428,0.00000
22436,0.88362
22444,0.00001
22445,0.99992
22451,0.00016
22463,0.96107
22464,0.00340
22467,0.87279
22472,0.00075
22485,0.03482
22497,1.00000
22504,0.99995
22508,0.00012
22516,0.00000
22522,0.00008
22527,0.00016
22543,0.29979
22549,0.00061
22551,0.95644
22557,0.00011
22562,0.00014
22567,0.00000
22572,0.99953
22575,0.99999
22578,1.00000
22579,1.00000
22580,0.55962
22581,0.69552
22591,0.92567
22593,0.00000
22597,0.00000
22600,0.00080
22602,0.00030
22603,0.06661
22616,0.72898
22617,0.97554
22622,0.00001
22623,0.00998
22624,0.71375
22628,0.01463
22640,0.97429
22641,0.00000
22653,0.01656
22660,0.04482
22672,0.00070
22674,1.00000
22689,0.00740
22698,0.03317
22705,1.00000
22709,0.40156
22711,0.00003
22714,0.00000
22715,1.00000
22729,0.55117
22730,0.00519
22733,0.96929
22750,1.00000
22754,0.21336
22756,0.02349
22758,0.00016
22767,0.84370
22768,0.98730
22769,0.64555
22776,0.00107
22778,0.99994
22780,0.00002
22789,0.00306
22797,0.12077
22799,0.99980
22814,0.62423
22818,0.90213
22821,0.75392
22823,0.99949
22841,0.99879
22847,0.43620
22848,1.00000
22862,0.00000
22875,0.00001
22877,0.99789
22887,0.00000
22892,0.00000
22899,0.88666
22901,0.00906
22907,0.00260
22909,0.65218
22926,0.99060
22927,0.93317
22930,0.00065
22934,0.00015
22937,0.00001
22939,0.00000
22949,0.00016
22951,0.00000
22955,0.00000
22965,0.00136
22966,0.97070
22968,0.00172
22972,0.01500
22975,0.00000
22981,0.47124
22988,0.00046
22994,0.99302
22996,0.00007
23011,0.00451
23028,1.00000
23031,0.00025
23035,0.00007
23038,1.00000
23042,0.00002
23049,0.10923
23051,1.00000
23053,0.00000
23057,0.01039
23058,0.00703
23063,0.00299
23064,0.01602
23067,0.10695
23071,0.10483
23075,0.00000
23077,0.00708
23090,0.99985
23094,1.00000
23097,0.00013
23103,0.99982
23107,0.17303
23117,0.99475
23122,0.25715
23124,0.02792
23126,0.00000
23129,1.00000
23136,0.99880
23141,0.00039
23142,0.00014
23147,0.00467
23154,0.65787
23159,0.00001
23165,0.00001
23171,0.00000
23173,0.99783
23175,0.00000
23179,0.00348
23182,0.99787
23185,0.00035
23188,0.12910
23189,0.00000
23209,0.51999
23214,0.00000
23215,0.00002
23233,1.00000
23241,0.00024
23252,0.18501
23255,0.71916
23263,0.00706
23281,0.02346
23282,0.03614
23289,0.45817
23292,1.00000
23296,0.31354
23297,0.13555
23301,0.55662
23302,1.00000
23304,0.00042
23309,0.99745
23312,0.96921
23316,0.30876
23321,0.99829
23342,0.88758
23344,0.99954
23350,0.00000
23367,0.00001
23368,0.00293
23374,0.99998
23387,1.00000
23389,1.00000
23399,0.86711
23403,0.99994
23406,1.00000
23414,0.00000
23415,1.00000
23419,0.85678
23436,1.00000
23439,0.99997
23444,1.00000
23445,0.00065
23455,1.00000
23469,0.92013
23472,0.00509
23477,0.00055
23478,0.00001
23479,0.00000
23487,0.99980
23490,0.00002
23491,0.00000
23492,0.00000
23494,0.92576
23496,0.04142
23497,0.85579
23506,0.99993
23515,0.89725
23528,0.02651
23532,0.00126
23549,0.05145
23551,0.99778
23552,0.00482
23555,0.76964
23556,0.00026
23564,0.99996
23583,0.00010
23592,0.00147
23597,0.03630
23601,0.27865
23605,0.94371
23615,0.00000
23619,0.99799
23621,0.99791
23626,0.97031
23635,0.00001
23637,0.99808
23640,0.99798
23646,0.00000
23655,0.00004
23672,0.00000
23673,0.00669
23682,0.00124
23683,0.00001
23699,0.47626
23704,0.00000
23707,0.00116
23713,0.00002
23714,0.62700
23716,0.99983
23718,0.54417
23721,0.00002
23735,0.00000
23737,0.96494
23744,0.04556
23749,0.00002
23755,1.00000
23769,0.00035
23772,0.00075
23773,0.99632
23774,1.00000
23779,0.99995
23782,0.24979
23793,1.00000
23803,0.90132
23828,1.00000
23833,0.38798
23834,1.00000
23844,0.00254
23845,0.00000
23852,0.00036
23855,0.01545
23867,1.00000
23872,0.00000
23874,0.92591
23880,0.00242
23886,0.10983
23898,0.97409
23900,0.02533
23903,0.84536
23907,0.00065
23908,0.73575
23912,0.00068
23916,0.00043
23917,0.09368
23918,0.00105
23922,0.00004
23928,0.00000
23940,0.02946
23944,0.88124
23945,0.04776
23951,0.00002
23966,1.00000
23970,0.99087
23971,0.99990
23976,0.78629
23980,0.00000
23987,0.00141
23988,0.95901
23993,0.00769
23997,0.99985
23998,0.00010
23999,0.85335
24010,0.98993
24015,0.51232
24023,0.98667
24033,0.99031
24046,0.83768
24060,0.99812
24062,0.00190
24065,0.94238
24070,0.44197
24071,0.00001
24073,0.79136
24079,0.01141
24082,0.35889
24084,0.99993
24089,0.00000
24094,0.02606
24100,0.50101
24105,0.78622
24106,0.99667
24108,0.99965
24111,0.02113
24120,0.87142
24125,0.93199
24134,0.08849
24140,0.99998
24151,0.97689
24153,0.00000
24154,0.00003
24161,0.25116
24166,0.00006
24170,0.99329
24176,0.00000
24182,0.00612
24188,0.00002
24190,0.00027
24201,0.99748
24211,0.99774
24215,1.00000
24216,0.00021
24219,0.21036
24222,1.00000
24240,0.00101
24243,0.97269
24245,0.00000
24251,0.34191
24256,0.00001
24258,0.00897
24261,0.99846
24263,0.96191
24264,0.99859
24266,0.00000
24273,0.96882
24278,0.25976
24289,0.00000
24292,0.00000
24293,0.00084
24298,0.99219
24299,0.99791
24303,0.92273
24304,0.00000
24305,0.00000
24329,0.75468
24341,0.00000
24345,0.00543
24353,0.99992
24358,0.08913
24364,0.00001
24367,0.00279
24370,0.00442
24377,0.97755
24380,1.00000
24381,0.32002
24387,0.00000
24391,0.27501
24409,0.00000
24413,0.00000
24416,0.00000
24427,0.00000
24439,0.00001
24443,0.00000
24448,0.23678
24454,0.18806
24455,0.97234
24461,0.00081
24464,0.99996
24468,0.01868
24469,0.00008
24501,0.63083
24508,0.96595
24519,0.00000
24520,0.00084
24538,0.99983
24540,0.44906
24550,0.21999
24552,0.82385
24561,0.99195
24577,0.98669
24579,0.93655
24580,0.99999
24582,0.00088
24591,0.00000
24592,0.98734
24599,0.98733
24602,0.00000
24606,0.00000
24617,0.01091
24619,0.77005
24630,0.00018
24633,0.00000
24634,0.01539
24638,0.00059
24641,0.04719
24644,0.99876
24645,0.00113
24656,0.00000
24661,0.11665
24663,0.00000
24667,0.00000
24669,0.00006
24682,0.77941
24698,0.74927
24699,0.47610
24702,0.01836
24703,0.95617
24717,0.86184
24724,0.99999
24731,0.95456
24737,0.81869
24740,0.00001
24743,0.75998
24744,0.98179
24755,0.00513
24757,1.00000
24765,0.00919
24766,0.13641
24776,1.00000
24787,0.46300
24789,0.00000
24791,0.03695
24792,0.57611
24804,0.99921
24812,0.00332
24816,0.91619
24817,0.10294
24820,0.83597
24828,0.34976
24832,0.01699
24836,0.00000
24842,0.00000
24846,0.99997
24847,0.06192
24848,0.02971
24851,0.01124
24855,1.00000
24856,0.01852
24871,0.90033
24874,0.59335
24877,0.98752
24889,1.00000
24897,0.90739
24899,0.99982
24908,1.00000
24913,1.00000
24923,0.66850
24933,0.99674
24971,0.29121
24973,1.00000
24993,0.99984
24998,1.00000
25000,0.00000
25001,0.00000
25002,1.00000
25003,0.00045
25009,1.00000
25024,0.02780
25026,0.01253
25027,0.00000
25034,0.00000
25050,0.00000
25057,0.00000
25067,1.00000
25075,0.99952
25081,1.00000
25085,1.00000
25093,0.99999
25097,0.00000
25103,0.00013
25104,0.00000
25109,0.97678
25112,0.91608
25113,0.02380
25114,0.99975
25119,0.00016
25121,0.29671
25122,0.00027
25124,0.00945
25131,0.98376
25134,0.00000
25144,0.99999
25147,0.00000
25148,0.00000
25149,0.00497
25155,0.98681
25169,0.99931
25177,0.01916
25178,0.01310
25179,0.00108
25180,0.99391
25191,0.00791
25199,0.00097
25232,0.99795
25241,0.99975
25242,0.79534
25243,0.99974
25246,0.99325
25259,1.00000
25265,0.99870
25278,0.00000
25280,0.99283
25284,0.01582
25286,0.00097
25288,0.04607
25318,0.00003
25330,0.00123
25333,0.17671
25339,0.99999
25340,0.99125
25346,0.98337
25349,0.00005
25351,0.59260
25361,0.95461
25366,0.99998
25368,1.00000
25369,0.95112
25370,1.00000
25375,0.33620
25376,0.00051
25377,0.00000
25379,0.96659
25382,0.99921
25386,0.99977
25389,1.00000
25399,0.96910
25400,0.00035
25401,0.99976
25407,1.00000
25409,0.00000
25412,0.91838
25416,0.00002
25418,0.00000
25423,0.01181
25436,0.02382
25439,0.97925
25442,0.24179
25445,0.99709
25446,1.00000
25453,0.00014
25456,0.00202
25458,0.94563
25460,0.09643
25461,1.00000
25468,0.01423
25470,0.28555
25471,0.21696
25482,0.00000
25501,1.00000
25504,0.00035
25515,0.00027
25518,1.00000
25528,0.02008
25533,0.85088
25543,0.01226
25548,0.00007
25564,0.00174
25572,0.44987
25576,0.00672
25577,0.00394
25587,1.00000
25591,0.00274
25596,1.00000
25598,0.00058
25617,0.00004
25618,0.40723
25620,0.03420
25623,0.00000
25626,0.00605
25628,1.00000
25633,0.29700
25637,0.00017
25644,0.99778
25662,0.01225
25663,0.00000
25673,0.03341
25678,0.00000
25685,0.14367
25691,0.12608
25706,0.00094
25707,0.00172
25723,0.47174
25725,0.99474
25735,0.00000
25740,0.00425
25759,0.74531
25761,0.99991
25769,0.25552
25774,0.11295
25779,1.00000
25781,1.00000
25784,1.00000
25790,0.00000
25796,0.00013
25816,0.95439
25847,0.98042
25850,0.99561
25852,0.99990
25856,0.00527
25866,0.99902
25867,0.00052
25868,0.37616
25869,1.00000
25877,0.00001
25878,0.97483
25890,0.08574
25898,0.00008
25899,0.00145
25906,0.27796
25907,0.00007
25915,0.95957
25932,0.00108
25939,0.96030
25946,0.85085
25951,0.67304
25959,0.43054
25961,0.16971
25964,0.00622
25969,0.00457
25980,0.97469
25986,0.01304
25992,0.93183
25998,0.76418
26000,0.96050
26006,0.99501
26009,0.99998
26016,0.00006
26023,0.00000
26038,0.00000
26041,0.99998
26050,0.99683
26051,0.97672
26057,1.00000
26060,0.63176
26062,0.00001
26067,0.00000
26068,0.00665
26072,0.00050
26074,0.20503
26075,0.00000
26081,0.98472
26108,0.00000
26112,0.00000
26113,0.00618
26115,0.00000
26122,0.76037
26139,0.39297
26162,0.19792
26165,0.00108
26173,0.99836
26177,0.00000
26179,0.98463
26184,0.01767
26190,0.00006
26204,0.00374
26205,0.99844
26212,0.93849
26215,0.00038
26227,0.99918
26232,0.00000
26237,0.00608
26246,0.01381
26248,0.00000
26249,0.18345
26260,0.49176
26263,0.00000
26267,1.00000
26269,0.01192
26271,1.00000
26273,0.99804
26286,0.00280
26297,0.00000
26309,0.95643
26313,0.99687
26319,0.00181
26329,0.00000
26330,0.66442
26333,0.99919
26361,0.00012
26366,0.00003
26376,0.00000
26378,0.00586
26382,0.00069
26389,0.00000
26391,0.00000
26401,0.90273
26415,0.95864
26419,0.00034
26421,0.00000
26422,0.99318
26423,0.00000
26424,0.99991
26441,0.00000
26442,0.99980
26446,0.00019
26447,0.01691
26448,0.99638
26451,0.99925
26459,1.00000
26465,0.77078
26476,0.99993
26481,1.00000
26487,0.99792
26501,0.00560
26513,0.00137
26517,0.01630
26527,0.02024
26534,0.00101
26535,0.01957
26545,0.00000
26550,1.00000
26558,0.00000
26571,0.00000
26573,0.98759
26575,0.16685
26578,0.03935
26583,0.99094
26590,0.99998
26593,0.95515
26602,0.99998
26606,0.00000
26613,0.69835
26615,0.98429
26618,0.00359
26628,0.00000
26630,0.00071
26635,0.92898
26645,1.00000
26648,0.02071
26651,0.00002
26660,0.00002
26663,0.92352
26664,0.00566
26665,0.99948
26673,0.97766
26675,1.00000
26676,1.00000
26677,0.01294
26679,0.40353
26687,0.00000
26689,0.99987
26697,0.68691
26737,0.01178
26747,0.00178
26748,0.91418
26749,0.00000
26754,0.00001
26759,0.98916
26760,0.00051
26765,1.00000
26769,0.00196
26771,0.98569
26776,0.98832
26778,0.99977
26780,0.04590
26783,0.00053
26785,0.99945
26800,0.01224
26804,0.01220
26812,0.00049
26816,0.01139
26823,0.99217
26834,0.04010
26836,0.00000
26841,0.01003
26845,0.76070
26849,0.00040
26854,0.06871
26858,1.00000
26860,0.28010
26866,0.00163
26871,0.78399
26873,0.42331
26905,0.99902
26907,0.00000
26920,0.00198
26924,1.00000
26930,0.00000
26942,0.97566
26944,0.99913
26949,0.00045
26952,0.00423
26956,0.00007
26973,0.57081
26977,0.00000
26993,0.95483
26997,0.99530
26999,0.00056
27021,0.99992
27023,0.00607
27025,0.62197
27027,0.00000
27032,0.99999
27034,0.00006
27036,0.00000
27045,0.00311
27050,0.00000
27051,0.96892
27055,0.00692
27056,0.00000
27060,0.00000
27061,0.00000
27066,0.99715
27070,0.01208
27073,0.83934
27077,0.60020
27085,0.93610
27086,0.02691
27099,0.99398
27105,0.00000
27109,0.00046
27125,0.00000
27135,0.00195
27139,0.04264
27140,0.00000
27141,0.00000
27142,0.40670
27144,0.08155
27148,0.00016
27154,0.00001
27162,0.00033
27175,0.99940
27176,0.63343
27178,0.98031
27197,0.00831
27204,0.88119
27205,0.02024
27206,0.01851
27207,1.00000
27216,0.98095
27230,0.00000
27234,0.61478
27241,0.00004
27249,0.01765
27251,0.99962
27252,0.00000
27256,0.00000
27257,0.00000
27263,0.17498
27268,0.25299
27269,0.00001
27276,0.97875
27279,0.00001
27288,0.10807
27295,0.00025
27299,0.00000
27302,0.00051
27304,0.71144
27316,0.00368
27318,0.00000
27330,0.02115
27333,0.99999
27335,0.99991
27339,0.91993
27341,0.00030
27342,0.72891
27345,0.99866
27347,0.00010
27354,1.00000
27361,0.99957
27375,0.01728
27387,0.00725
27390,0.00082
27392,0.99923
27399,0.00010
27403,1.00000
27410,0.00004
27423,0.00000
27429,0.28971
27432,0.87883
27436,0.00001
27437,0.23795
27441,0.00051
27444,0.00000
27445,0.00000
27448,0.92297
27454,0.00000
27459,0.00000
27465,0.05962
27478,1.00000
27479,0.00000
27481,0.99995
27483,1.00000
27486,0.96562
27498,0.00163
27505,0.00000
27507,0.84563
27509,0.00000
27514,1.00000
27527,0.00209
27535,0.00000
27544,0.00000
27545,0.00000
27556,0.00000
27563,0.99999
27569,0.05484
27585,0.94050
27589,0.00093
27605,0.00000
27608,0.00000
27609,0.82451
27611,0.00000
27621,0.00006
27626,0.00000
27629,0.00000
27645,0.00256
27651,0.99750
27654,0.99981
27656,1.00000
27663,0.93621
27673,0.96055
27677,0.94325
27678,0.00764
27680,0.16967
27681,0.99837
27684,0.79909
27688,0.99169
27706,0.99830
27709,0.00114
27720,0.00002
27722,1.00000
27733,0.00451
27734,0.99855
27739,0.00371
27746,0.99993
27751,0.30893
27755,0.01503
27777,0.00179
27783,0.98763
27795,0.00000
27805,0.00000
27811,0.73554
27815,0.99985
27823,0.02854
27856,0.91672
27873,0.00725
27883,0.96272
27885,0.00011
27887,0.99978
27899,0.00064
27921,0.00000
27924,0.00100
27927,0.00000
27929,0.00000
27932,1.00000
27943,0.00007
27945,0.00531
27952,0.00476
27957,0.00000
27960,0.94300
27966,0.00009
27968,0.19614
27980,0.99956
27984,0.02039
27994,0.08125
27995,0.07903
28002,0.00025
28004,0.99639
28006,0.00000
28028,0.00000
28042,0.96271
28043,0.97339
28055,0.39509
28061,0.00413
28063,0.03510
28077,0.91059
28090,0.02344
28093,0.27114
28095,1.00000
28096,0.00000
28098,0.00000
28099,0.04779
28111,0.00202
28115,0.00591
28123,0.08772
28125,0.82345
28126,0.99988
28129,0.03394
28131,1.00000
28139,0.07556
28146,0.49963
28153,0.99472
28155,0.05652
28160,0.99996
28166,0.77183
28167,0.07448
28176,0.06082
28185,0.00046
28187,0.97221
28195,0.39608
28203,1.00000
28206,0.99756
28209,0.00000
28210,0.12399
28211,0.10515
28216,0.00020
28234,0.91132
28235,0.40633
28248,0.00509
28255,1.00000
28266,0.29631
28277,1.00000
28286,0.13858
28288,0.53001
28289,0.99772
28290,0.99754
28296,0.00025
28300,0.99660
28306,0.00000
28307,0.00001
28309,0.00077
28327,0.00652
28336,1.00000
28345,0.00000
28355,0.13592
28361,1.00000
28362,0.98837
28374,0.94572
28380,0.00071
28381,0.00134
28393,0.90266
28394,0.00002
28405,0.22741
28413,0.03098
28426,0.00000
28428,0.00010
28429,0.01975
28442,0.00000
28445,0.99941
28457,0.93281
28459,0.00451
28462,0.62966
28478,0.00017
28490,0.23537
28492,0.83887
28499,0.95869
28500,0.00000
28506,0.00000
28509,0.00000
28513,0.99865
28516,1.00000
28519,1.00000
28526,0.43258
28527,0.00038
28528,0.98789
28533,1.00000
28547,0.83713
28551,0.00088
28563,0.71405
28566,0.00002
28568,0.91981
28580,0.99970
28589,0.28019
28590,0.23545
28606,1.00000
28613,0.27797
28615,1.00000
28619,0.00085
28629,0.00235
28633,1.00000
28635,1.00000
28646,0.00001
28648,1.00000
28651,1.00000
28660,0.00000
28681,0.00243
28693,0.99996
28696,0.00001
28703,0.99996
28709,0.84639
28712,0.00000
28718,0.00000
28719,0.00000
28727,0.26994
28730,0.00084
28732,0.76630
28740,0.99998
28747,0.60280
28752,0.00000
28757,0.80012
28764,0.00000
28765,0.74079
28770,0.87058
28772,1.00000
28783,0.11329
28786,0.99999
28796,0.00010
28799,0.00362
28806,1.00000
28807,0.00000
28815,0.10416
28818,1.00000
28823,0.00000
28824,0.43035
28831,1.00000
28834,0.98102
28841,1.00000
28848,0.03472
28882,0.00000
28884,0.00001
28904,0.00029
28907,0.06752
28919,0.99995
28920,0.99449
28928,0.99924
28935,0.00481
28936,0.99829
28945,0.38367
28950,0.67909
28957,0.00001
28963,0.00431
28974,0.00139
28980,0.05372
28988,0.00000
28999,0.93163
29001,0.00000
29004,0.51183
29006,0.00000
29012,0.09581
29018,0.00000
29027,0.00015
29030,0.00000
29032,0.00000
29039,0.00103
29043,0.96441
29056,0.00016
29064,0.73535
29068,0.82505
29069,0.00000
29074,0.00000
29076,0.74823
29085,0.72908
29088,0.99985
29091,0.00000
29092,0.00022
29093,0.05038
29094,0.00006
29108,0.00011
29114,0.02405
29115,0.00050
29118,0.02422
29125,1.00000
29127,0.02354
29150,0.00000
29152,0.00000
29155,0.99534
29165,0.00180
29167,0.00003
29174,0.00000
29180,0.90990
29185,0.00170
29190,0.00978
29192,0.20242
29194,0.06036
29220,0.00000
29231,0.99999
29237,0.99991
29240,0.99739
29247,0.07546
29256,0.00145
29275,0.99030
29278,1.00000
29280,0.00006
29286,0.08135
29288,0.99574
29305,0.00054
29327,0.00000
29329,0.74398
29333,0.99626
29335,0.00000
29342,0.99868
29344,0.00000
29353,0.99972
29358,0.00000
29373,0.99994
29392,0.06278
29393,0.00001
29395,0.00000
29403,0.35475
29405,0.00000
29410,0.00041
29423,0.31666
29427,0.95195
29429,0.00037
29432,0.00002
29440,0.99466
29447,0.99836
29448,0.00000
29452,0.99177
29455,0.83432
29461,0.00351
29466,0.00146
29474,0.00137
29476,0.00022
29486,0.00000
29494,0.66043
29497,0.00000
29505,0.99738
29511,0.00000
29516,0.04283
29522,0.99796
29523,0.99999
29524,0.00000
29529,1.00000
29533,0.00000
29535,0.00000
29548,0.00000
29551,0.00000
29563,0.00000
29574,0.42242
29575,0.00000
29592,0.00618
29599,0.53272
29608,0.77812
29613,0.00000
29620,0.95253
29630,0.00028
29637,0.00000
29638,0.99698
29643,0.00001
29648,0.00000
29657,0.00732
29659,0.00102
29662,0.00460
29665,1.00000
29699,0.53918
29706,0.00005
29715,0.00206
29716,1.00000
29717,0.01323
29721,0.00004
29731,1.00000
29735,0.92251
29739,0.99972
29742,1.00000
29747,0.00035
29749,0.00000
29754,0.00000
29773,0.91118
29777,0.94992
29779,0.00060
29783,0.99970
29786,0.00000
29805,0.00617
29811,0.03132
29812,0.00530
29815,0.27212
29819,1.00000
29833,0.98652
29847,0.00805
29854,0.24066
29856,0.00000
29859,0.34626
29864,0.99223
29865,0.16466
29867,0.00596
29885,0.00017
29894,0.95442
29900,0.00000
29910,0.60407
29928,0.01034
29942,0.99973
29951,0.97557
29953,0.37384
29962,0.01892
29968,0.96380
29974,0.03954
29980,1.00000
29987,0.00210
29993,0.01415
30001,0.00000
30005,0.00000
30015,0.99996
30034,1.00000
30041,0.47414
30044,0.00043
30058,0.94416
30061,1.00000
30064,0.74155
30065,0.99984
30069,0.00395
30074,0.00001
30076,0.00003
30080,0.00861
30086,0.92305
30087,0.98880
30092,0.91131
30093,0.00001
30096,1.00000
30097,0.99494
30098,0.00701
30102,0.00324
30106,0.00027
30110,0.09939
30111,0.94965
30122,0.00001
30128,0.00244
30130,1.00000
30131,0.00000
30132,0.00030
30135,0.00004
30137,1.00000
30157,0.98185
30158,1.00000
30162,0.00000
30170,0.99802
30174,0.00000
30195,0.88858
30196,1.00000
30204,0.99325
30207,0.73325
30209,0.00000
30212,0.99997
30221,1.00000
30225,0.11890
30229,1.00000
30231,0.05639
30233,1.00000
30237,0.00393
30239,0.23431
30242,0.44280
30244,0.00000
30249,1.00000
30262,0.00005
30286,0.99971
30292,0.00025
30303,0.03455
30320,0.96678
30322,0.00001
30355,0.00000
30356,0.00500
30372,0.99990
30375,0.99786
30379,0.00000
30384,0.00000
30386,0.03109
30394,0.00134
30395,0.91230
30396,0.38533
30397,0.00000
30402,1.00000
30413,0.00568
30416,0.74771
30420,1.00000
30422,0.42287
30432,0.99916
30434,0.93947
30438,0.00163
30444,0.00000
30446,0.91608
30455,0.99995
30457,0.99996
30459,0.00000
30463,0.00007
30468,1.00000
30477,0.00000
30478,1.00000
30481,0.02270
30482,0.02059
30487,0.64316
30491,0.00000
30496,0.93672
30501,0.42780
30506,1.00000
30511,0.00043
30513,0.91539
30516,1.00000
30520,0.00000
30531,0.00444
30542,0.99877
30555,0.00000
30557,0.00078
30568,0.95560
30570,0.92259
30584,1.00000
30594,0.02269
30614,0.10787
30617,1.00000
30618,0.00130
30631,0.00115
30632,0.00000
30634,1.00000
30636,0.99997
30637,1.00000
30639,0.64349
30647,0.00000
30649,0.86926
30656,1.00000
30660,0.01265
30665,0.00972
30669,0.00000
30681,0.00005
30683,0.99998
30687,0.97527
30694,0.00271
,0.99731
,0.00000
,0.02739
,0.98433
,1.00000
,0.03589
,0.00000
,0.02282
,0.99790
,0.98637
,0.00039
,1.00000
,0.00000
,0.84159
,0.45576
,0.00211
,0.95190
,0.00639
,0.02702
,0.00000
,0.97242
,0.01273
,0.00000
,0.00008
,0.00169
,0.99954
,1.00000
,0.00078
,0.00234
,0.00000
,1.00000
,0.17650
,0.99982
,0.00220
,0.00000
,0.00000
,0.00002
,0.99997
,0.33870
,1.00000
,0.84590
,0.14703
,0.48063
,0.43120
,0.99904
,1.00000
,0.82153
,0.99865
,0.01551
,0.84383
,0.72286
,0.99514
,0.77169
,0.03504
,0.60953
,0.99682
,0.00000
,0.05791
,0.00000
,0.10863
,0.00000
,0.99363
,0.99922
,0.23420
,0.27745
,0.00287
,0.66649
,0.00014
,0.34586
,0.00000
,1.00000
,0.03572
,0.01126
,0.61313
,0.21331
,0.96571
,0.99986
,0.07215
,1.00000
,0.00004
,0.10685
,0.79857
,0.12687
,1.00000
,0.42147
,0.98229
,0.32958
,0.99221
,0.00235
,0.00000
,0.01290
,0.00021
,0.99783
,0.02140
,1.00000
,1.00000
,1.00000
,1.00000
,0.98306
,1.00000
,0.00170
,0.00002
,0.00257
,1.00000
,0.03182
,0.40132
,0.00000
,0.99977
,0.99996
,0.99471
,0.00032
,1.00000
,0.99994
,1.00000
,0.00129
,1.00000
,0.95797
,0.66800
,0.00000
,0.73026
,1.00000
,1.00000
,0.00004
,0.37576
,1.00000
,0.94639
,0.99987
,1.00000
,0.02106
,0.02010
,0.71326
,0.99563
,0.00148
,0.00000
,0.25362
,0.00000
,1.00000
,0.00026
,0.78193
,0.99999
,0.99966
,0.01069
,0.00000
,0.65539
,0.03993
,0.99630
,0.99980
,0.31610
,0.00003
,0.00000
,0.02716
,0.99987
,0.38218
,0.00000
,1.00000
,0.99976
,0.00005
,0.04565
,0.04608
,0.97691
,0.00222
,1.00000
,0.82623
,0.00001
,0.65714
,0.00005
,1.00000
,0.49407
,0.00009
,0.00205
,0.01910
,1.00000
,0.00002
,0.73997
,1.00000
,0.00004
,0.06242
,0.00000
,1.00000
,0.00769
,0.00001
,0.95446
,1.00000
,0.02796
,0.00993
,1.00000
,0.69456
,0.00000
,0.00000
,0.00037
,0.00032
,0.00277
,0.00000
,0.01286
,0.00009
,0.69820
,0.78216
,1.00000
,0.98631
,0.00001
,0.00000
,0.99218
,0.99999
,0.41709
,1.00000
,0.00069
,0.00253
,0.62167
,0.02059
,1.00000
,0.00141
,0.99036
,1.00000
,0.00000
,0.00001
,0.53014
,0.76568
,0.00166
,0.57003
,0.63889
,0.99615
,0.94283
,0.02105
,0.00000
,0.00000
,0.99999
,0.01733
,1.00000
,0.01212
,1.00000
,0.98918
,0.27483
,0.01005
,0.99907
,0.99893
,0.00001
,0.99415
,0.00000
,0.00001
,0.00001
,0.07622
,0.00000
,0.99972
,0.01348
,0.00032
,0.00029
,0.00101
,0.00298
,0.97106
,0.52845
,0.00000
,0.99839
,0.00028
,0.99999
,0.00000
,0.99274
,0.98525
,1.00000
,0.00000
,0.96310
,0.74374
,0.00000
,0.99725
,0.99803
,0.00000
,0.00046
,0.00000
,0.02621
,0.00033
,1.00000
,0.94821
,1.00000
,1.00000
,0.00000
,0.00129
,0.00000
,0.00347
,0.00016
,0.99144
,0.00435
,0.00003
,0.00003
,0.00000
,0.95935
,0.00002
,0.00130
,0.00267
,1.00000
,1.00000
,0.00000
,1.00000
,0.47964
,1.00000
,0.99947
,0.99996
,1.00000
,0.97577
,0.00100
,0.25087
,0.00000
,0.36981
,0.23905
,0.99822
,0.99967
,0.00518
,0.00003
,0.99081
,0.00004
,0.00004
,0.00013
,0.00003
,0.00000
,0.01689
,0.00064
,0.99983
,0.99974
,0.99999
,1.00000
,1.00000
,0.00001
,0.00160
,0.99993
,0.97053
,0.13770
,0.55873
,0.00000
,0.00474
,0.99991
,1.00000
,1.00000
,0.00000
,0.99438
,0.00000
,0.98487
,0.99710
,0.96025
,0.99883
,0.00046
,0.00041
,0.62725
,0.00052
,0.03458
,1.00000
,0.33643
,0.23293
,1.00000
,0.00005
,0.24383
,0.48464
,0.00000
,0.99805
,0.96524
,0.00000
,0.99845
,0.96297
,0.99884
,0.00000
,0.99511
,0.99999
,0.00731
,0.00093
,0.00014
,0.07517
,0.83917
,0.00319
,1.00000
,0.00005
,0.00000
,0.90609
,0.00055
,0.00000
,0.42891
,0.57141
,0.00008
,0.00002
,0.00041
,0.99986
,1.00000
,0.00008
,0.00003
,0.00006
,0.83406
,1.00000
,0.99988
,0.00000
,1.00000
,0.00000
,0.85448
,0.00000
,0.00051
,0.00004
,0.00065
,0.97915
,0.56082
,0.00006
,0.07696
,1.00000
,0.98953
,0.14921
,0.06109
,0.99967
,0.00056
,0.03633
,0.99651
,0.01583
,0.00000
,0.99621
,0.00372
,1.00000
,0.99987
,1.00000
,0.99999
,0.00044
,1.00000
,0.00000
,0.00056
,0.08246
,1.00000
,0.99868
,0.00006
,0.00845
,0.01347
,0.05622
,0.98633
,0.93416
,0.91896
,0.00000
,0.03750
,0.00000
,0.76421
,0.03847
,0.00229
,0.99510
,0.00503
,0.00000
,0.74428
,0.65805
,0.00000
,0.00000
,0.01869
,0.00000
,1.00000
,0.00250
,0.00000
,0.00000
,0.00000
,0.00049
,1.00000
,0.00000
,0.99991
,0.00040
,0.67771
,0.00004
,0.00000
,0.00177
,0.64051
,0.01511
,1.00000
,1.00000
,0.93734
,0.99089
,0.00318
,0.99999
,1.00000
,0.01142
,0.95518
,1.00000
,0.21479
,0.00000
,0.04175
,0.00064
,0.17857
,0.00003
,0.00039
,0.87573
,0.00000
,1.00000
,0.99976
,0.98102
,0.01480
,0.00000
,0.00014
,0.00000
,0.01559
,1.00000
,0.99771
,0.55601
,0.44582
,1.00000
,0.00006
,0.99996
,0.93336
,0.99979
,0.00000
,0.99971
,0.96970
,0.00641
,0.00249
,0.00000
,0.97870
,0.75168
,0.00575
,0.00001
,0.99987
,0.03033
,0.07449
,0.00000
,0.00158
,0.00209
,0.02234
,0.99991
,0.92131
,0.90499
,0.00002
,0.86347
,0.00000
,0.95812
,0.00000
,0.00036
,0.99999
,0.15920
,0.98966
,0.00000
,0.95495
,1.00000
,0.00074
,0.00000
,0.00000
,0.85832
,0.99697
,0.94885
,0.69809
,0.00035
,0.00015
,0.17704
,0.00000
,0.02947
,0.16161
,0.00000
,0.00097
,0.99940
,1.00000
,0.99999
,0.99932
,0.74829
,0.40309
,0.04245
,0.00002
,0.22798
,0.56923
,0.99998
,0.01316
,0.99938
,0.00992
,0.99342
,0.05591
,0.00608
,0.00000
,0.87146
,0.00028
,0.95380
,0.00476
,0.00229
,0.93549
,0.46789
,0.71520
,0.00079
,0.00057
,0.00001
,0.95135
,0.03233
,0.00000
,0.02955
,0.00320
,0.00759
,0.51533
,1.00000
,0.00708
,0.00304
,0.10095
,0.00000
,0.00703
,0.00272
,0.00002
,0.54243
,0.00335
,0.00235
,0.31301
,1.00000
,0.95903
,0.00030
,0.00150
,0.30688
,0.01175
,0.00000
,0.46391
,0.00283
,0.00083
,0.99999
,0.00001
,0.11901
,0.87995
,0.99974
,0.00222
,0.00003
,1.00000
,0.88402
,0.99328
,0.89093
,0.00002
,0.99585
,0.43861
,0.00115
,1.00000
,0.03262
,0.41317
,0.00000
,0.00055
,0.02718
,0.00008
,0.99243
,0.00001
,0.99949
,0.97340
,0.00492
,0.00243
,0.00000
,0.00002
,0.00000
,0.00000
,1.00000
,1.00000
,0.00267
,0.00252
,0.00026
,0.89029
,0.00001
,0.00002
,0.99894
,0.31421
,0.99266
,0.00000
,0.01664
,0.99945
,0.03779
,0.11535
,0.00158
,0.98412
,0.15495
,0.14307
,0.99716
,0.99738
,1.00000
,0.00000
,0.00548
,0.07624
,0.99477
,0.00913
,0.01966
,0.00001
,0.00192
,0.01877
,0.00001
,0.00096
,0.62627
,0.96622
,0.00000
,0.99720
,0.03925
,0.00354
,0.02120
,0.00014
,0.00024
,0.31913
,0.00000
,0.98823
,0.92704
,0.00192
,0.99999
,0.98258
,0.99985
,0.01486
,0.18773
,0.99595
,0.00021
,1.00000
,0.00000
,0.00000
,0.00002
,0.03933
,0.00880
,0.80904
,0.94074
,0.89174
,0.10395
,1.00000
,0.08510
,0.98780
,0.00000
,0.13676
,1.00000
,0.80426
,0.00001
,0.00005
,0.00118
,0.74457
,0.68167
,0.95572
,0.94158
,0.01458
,0.00063
,1.00000
,0.06026
,0.99919
,1.00000
,1.00000
,0.00922
,0.02841
,0.86961
,0.00014
,0.00035
,1.00000
,0.97176
,0.07404
,1.00000
,0.00009
,0.00825
,0.00488
,0.00094
,0.89951
,0.30484
,1.00000
,0.00258
,0.98531
,0.00116
,0.00029
,1.00000
,0.79666
,0.99018
,0.02439
,0.00022
,0.95247
,0.02179
,1.00000
,1.00000
,0.98583
,0.02743
,0.00128
,1.00000
,0.00001
,0.99992
,0.00379
,1.00000
,0.99751
,0.98529
,0.99792
,0.98826
,0.99814
,0.29558
,0.00117
,1.00000
,0.65555
,0.78218
,0.08356
,0.36149
,0.01417
,0.00136
,0.00014
,0.00096
,0.97189
,0.01378
,0.91090
,0.00000
,0.98665
,0.00142
,0.00114
,0.43281
,1.00000
,0.39691
,0.00393
,0.00000
,0.99996
,0.85032
,1.00000
,0.99659
,0.98205
,0.00032
,0.00000
,0.00007
,0.00001
,0.00000
,0.91305
,0.99994
,0.00337
,0.00000
,0.00657
,0.00000
,0.00134
,0.00000
,0.00000
,0.00012
,0.00359
,0.00098
,0.08348
,1.00000
,0.14367
,0.20082
,0.00005
,0.00001
,0.00000
,0.96810
,0.00465
,0.99852
,0.04991
,0.98315
,0.01811
,0.00000
,1.00000
,0.00001
,1.00000
,0.07340
,0.86481
,0.96132
,0.02483
,0.99615
,0.00509
,0.00000
,0.98884
,0.00000
,0.00594
,0.01009
,0.00923
,1.00000
,0.99393
,0.01034
,0.00004
,0.13481
,0.00002
,0.01159
,0.00007
,0.02668
,1.00000
,0.00004
,0.00001
,0.78815
,0.86053
,0.35131
,0.00403
,0.99180
,0.99174
,0.98431
,0.00016
,0.00012
,0.97749
,0.91229
,0.00038
,0.00400
,1.00000
,1.00000
,0.09624
,0.99456
,0.10510
,0.99997
,0.96984
,0.99991
,0.99977
,0.02931
,0.99999
,0.00000
,0.08791
,0.99922
,0.00147
,0.99999
,1.00000
,0.00083
,1.00000
,1.00000
,0.00721
,0.00000
,0.98260
,0.00704
,0.99858
,0.82794
,0.00002
,0.87230
,0.03909
,0.15034
,0.99988
,0.99762
,0.01218
,0.28965
,0.03232
,0.07471
,0.18937
,1.00000
,0.60206
,0.03345
,0.96289
,0.82614
,0.00103
,0.00000
,0.57766
,0.00000
,0.00032
,0.84849
,0.00017
,0.38860
,0.98587
,0.00000
,0.99800
,0.63668
,0.97655
,0.00000
,0.90614
,0.98090
,0.00000
,0.54124
,0.01445
,0.00000
,0.00002
,0.52129
,0.03603
,0.00000
,0.15308
,0.00000
,0.99596
,0.90620
,0.00019
,1.00000
,0.00009
,0.00000
,0.00000
,0.00259
,0.99876
,0.00084
,0.05434
,0.00000
,0.95034
,0.10222
,0.00000
,0.00596
,0.99980
,1.00000
,0.00008
,0.97961
,0.00005
,0.68485
,0.00468
,0.95156
,0.08156
,0.16029
,0.00131
,0.00000
,1.00000
,0.00059
,0.88930
,0.00000
,0.99540
,0.99734
,0.00000
,0.00036
,0.99498
,0.00102
,1.00000
,0.97073
,0.00292
,0.00000
,0.99964
,1.00000
,0.00000
,1.00000
,0.01930
,0.00003
,0.00000
,0.98891
,0.04065
,0.90282
,0.99981
,0.00375
,0.67761
,0.66238
,0.99791
,0.14824
,0.00000
,0.11495
,0.12630
,1.00000
,0.04377
,0.01411
,0.00003
,1.00000
,0.99994
,0.99634
,0.96569
,0.00000
,0.87800
,0.00000
,0.08557
,0.00000
,0.00652
,0.00000
,0.99977
,0.09861
,1.00000
,0.55302
,0.00001
,0.96015
,0.00000
,0.00934
,1.00000
,0.10390
,0.17979
,0.00021
,0.00059
,0.99884
,0.99933
,0.00000
,0.00000
,0.91315
,0.03390
,0.00118
,0.00045
,0.56654
,1.00000
,0.00219
,0.99983
,0.29678
,1.00000
,0.06491
,0.00000
,0.56466
,0.99471
,0.00000
,0.00527
,0.00000
,0.00020
,0.00000
,0.98840
,0.97085
,0.00005
,0.84475
,0.95649
,0.00146
,0.07168
,0.00003
,0.00002
,1.00000
,0.96231
,0.13092
,0.00777
,0.99998
,0.63041
,0.00363
,0.00003
,0.00021
,0.00048
,0.00062
,1.00000
,0.99938
,0.00008
,0.92536
,0.07262
,0.99370
,0.00000
,0.35918
,0.71561
,0.99998
,0.00044
,0.12882
,0.00059
,0.00000
,0.00000
,0.99729
,1.00000
,0.00720
,0.00000
,0.99980
,0.00000
,0.99833
,0.99484
,0.10163
,0.99472
,0.00134
,0.01269
,0.00312
,0.22400
,0.00014
,0.00000
,1.00000
,0.99837
,0.00024
,0.02751
,0.96535
,0.98224
,0.97838
,0.00015
,0.95206
,0.00812
,0.01856
,0.00000
,0.79924
,0.92411
,0.99990
,0.00425
,0.55483
,0.99998
,0.00000
,0.38295
,1.00000
,0.00007
,0.00135
,0.00000
,0.98256
,0.00003
,0.04946
,0.00000
,0.85596
,0.98480
,0.92928
,0.00531
,0.14607
,0.03673
,0.99996
,0.00000
,0.00000
,0.00000
,1.00000
,0.00000
,0.93562
,0.99931
,0.00003
,0.99958
,0.00000
,0.00000
,0.00008
,0.00022
,0.00000
,0.06521
,0.64518
,1.00000
,0.00476
,0.27434
,0.99997
,0.99998
,1.00000
,0.00000
,0.00000
,0.93719
,0.00580
,1.00000
,0.00014
,0.73093
,1.00000
,0.99891
,0.00000
,0.99875
,0.25827
,0.99973
,0.91207
,0.03755
,0.04282
,0.00000
,0.00068
,0.97172
,0.47878
,0.00003
,0.00290
,0.00265
,0.99980
,0.04129
,0.36443
,0.00000
,0.72500
,1.00000
,0.00132
,0.98540
,0.00555
,0.96220
,0.04933
,0.16536
,1.00000
,0.20358
,0.97998
,0.15191
,0.00000
,0.97655
,0.99995
,0.97537
,0.67024
,0.00000
,0.00000
,0.99980
,0.12786
,0.16620
,1.00000
,0.96077
,0.99391
,0.00007
,0.16706
,0.00000
,0.67036
,0.99813
,0.55088
,0.01413
,0.00535
,0.72960
,0.00000
,0.19134
,0.00014
,0.00018
,0.01673
,0.99960
,0.00000
,0.00170
,0.05423
,1.00000
,0.00000
,0.00051
,0.00000
,0.00000
,0.17496
,0.91349
,1.00000
,0.00000
,0.00048
,0.00036
,1.00000
,0.00058
,0.00255
,0.00000
,0.00011
,0.73015
,0.00124
,0.93922
,1.00000
,0.06866
,0.00000
,0.92078
,0.07800
,1.00000
,0.99999
,0.97894
,0.00101
,0.00299
,0.75668
,0.27549
,0.00000
,0.13360
,0.31960
,0.00000
,0.00145
,0.00005
,0.51206
,0.48998
,0.83464
,0.00046
,0.95727
,0.99677
,0.00383
,0.00000
,1.00000
,0.99974
,0.00000
,1.00000
,0.00041
,0.43020
,0.00000
,0.00000
